id,page,user,date,review
1,1,Anonymous,N/A,#11. 11 best quality air conditioner dawlance is best i only purchase dawlance items my trust good product quick and safe delivery 0
2,1,Anonymous,N/A,#11.11 what a product in this price with longest warranty of 12 years. Dawlance is the best 0
3,1,Anonymous,N/A,bohat he ganda AC full waste of money and electricity is say acha cooler lga lain ya fan chla lain koi bahi Bol kr be mat la bakhuda 0
4,2,Anonymous,N/A,"new review update   Alhamdulillah 5th june ko received hua or aj 6th june ko installed hogaya hai, cooling gen mode 2apm pe kafi slow hai lekin 440watts k hisab se kafi reasonable hai satisfied hun me   last review  28th may ko order kia tha 2nd june ki delivery thi lekin 5june ko aj 2:35 pe received hua hai   installation k liy call kardi hai kal ayga banda 6june ko   review update karunga after installation in sha Allah  Cooling Power:6  Energy Efficiency:9  Noise Level:0  Color Family:Antique White 15"
5,2,Anonymous,N/A,"Amazing product from dawlance, timely delivered and free installation from dawlance . great cooling   Color Family:Antique White 26"
6,2,Anonymous,N/A,"Masha Allah Excellent Dawlance AC , Fast delivery,ab installation ki bari hai Jazak Allah  Daraz & Dawlance & Courier  💖💝❤️💕💝💖 Color Family:Antique White 7"
7,2,Anonymous,N/A,Cooling Power:level cooling with low consumption of electricity  bahtreen chez ha   Color Family:Antique White 9
8,2,Anonymous,N/A,Very nice product perfect through amazing cooling beautiful remote control using in a 12×14 elegant design using electric on 26 speed 2.5amp to 1.5.  Color Family:Antique White 13
9,3,Anonymous,N/A,thanks you daraz I am very happy with the purchase very good working cooling is asume  Color Family:Antique White 20
10,3,Anonymous,N/A,"Excellent product same as shown as picture,  Highly recommended 14×12 room,  Thank you, seller,  Thank you, Daraz .   Color Family:Antique White 10"
11,3,Anonymous,N/A,"delivery on time, leopards service boy was cooperative, packed well, condition 10/10, genuine product, received one and every item genuine which I have personally never seen before, seller is honest, yet I haven't installed but I am sure it will work awesome.. I will highly recommend this product. Color Family:Antique White 7"
12,3,Anonymous,N/A,Zbrdst Ac mene 3 Ac ka ordr dya tha aj muje receve howe hn or aj hi install krwai hn thnks daraz & sellr Color Family:Antique White 6
13,3,Anonymous,N/A,Masha Allah behtreen AC Koe Damge Nahe Koe dend nahe Saf New zabrdast packing maza agya thank you daraz thank you dawlance thank you delivery Boy  Color Family:Antique White 7
14,4,Anonymous,N/A,اچھی پیکنگ اور بحفاظت پہنچ گیا باقی کوالٹی یا فالٹ کا پتہ چلانے پر لگے گا  Color Family:Antique White 7
15,4,Anonymous,N/A,Very good quality and quality of service dawlance  Color Family:Antique White 2
16,4,Anonymous,N/A,very excellent product I will order again Dawlance reliable hai  Color Family:Antique White 3
17,4,Anonymous,N/A,Product is nicely packed and delivered at door step as well. Installation is also free of cost by calling dawlance UAN and technician is also coprative. We'll done dawlance flagship mall and daraz as well. But delivery time is too late I ordered it 2-1-24 And received at it 10-1-24 Overall experience till now is good Now result will be came in summer season bcz now weather is already cool so can't say anything about product efficiency. Thanks for dawlance again  Color Family:Antique White 7
18,4,Anonymous,N/A,Masha'Allah bht acha ac h cooling b bht achi kr raha h or deliver b time sy phly ho gya tha Masha'Allah.thank you Dawlance and Daraz  Color Family:Antique White 4
19,5,Anonymous,N/A,abhi install nahin howa best of luck 😊   Color Family:Antique White 6
20,5,Anonymous,N/A,best inverter Split in the price of non-inverter Ac 🤗🔥 Color Family:Antique White 5
21,5,Anonymous,N/A,Veery good product thnks daraz & seller Color Family:Antique White 4
22,5,Anonymous,N/A,Thank you I’ve received today  Color Family:Antique White 1
23,5,Anonymous,N/A,Great AC for 120 sqft room Color Family:Antique White 4
24,6,Anonymous,N/A,very nice I like it order again soon  Color Family:Antique White 1
25,6,Anonymous,N/A,very good and nixe perfomeas And good energy saver  Color Family:Antique White 2
26,6,Anonymous,N/A,wow I m fully satisfied  Color Family:Antique White 2
27,6,Anonymous,N/A,alhamdulillah order safely receive ho gaya hai shukriya daraz have use nahi kiya hopefully sab kuch sahi hoga Color Family:Antique White 1
28,6,Anonymous,N/A,"I am highly satisfied with the service, the technician came on the same day i received the AC, and the AC is outstanding, i have installed in the basement 16*10 room and it works like 1.5ton AC, the air throw is very impressive and the best part is it only takes 4amp at starting and once the room is cool with the desire  temperature it comes down to 2amp.  Color Family:Antique White 3"
29,7,Anonymous,N/A,bohat acha ac hai working properly  thanks seller and daraz 👍❤  Color Family:Antique White 2
30,7,Anonymous,N/A,"working fine AH. installation wala kafi der se aya, multiple times request krni pari. jab aya to jaldi main us ne outdoor sidha nahi lgaya. khud adjust krna para. Color Family:Antique White 1"
31,7,Anonymous,N/A,Good Quality  Color Family:Antique White 2
32,7,Anonymous,N/A,Bought this 0.7 ton ac second time and got almost 10k discount I'm posting a review after using it for 2-3 months and it's totally worth the price and it consumes very low electricity perfect for small size rooms also works on solar pretty well if anyone has like a small room or office can definitely go for it I'm completely satisfied with the product also the installation was done the same day thanks daraz and dawlance 😊 Color Family:Antique White 5
33,7,Anonymous,N/A,the product was awesome 😎 I called them after 1 month for installation and doing the verification process they sent the person the next day for the free installation and now it's almost been a month and the AC works perfectly  the person they sent was very quick with his work but not his assistant 😅 ( had little damage issue with my furniture due to his carelessness) the gen mode makes it run on only ~2.0 amp which is great for me ...all in all its great and would recommend for small 10x10room Color Family:Antique White 2
34,8,Anonymous,N/A,best product by Dawlance with less consumption good performance  A ideal product for small and average rooms in nowadays electricity rates are to high keep it up 👍 aur innovation Lai technology aur consumption ma make it Dawlance best for people and budget   💯 recommended  Color Family:Antique White 0
35,8,Anonymous,N/A,"Very satisfied, working flawless. reviewing after 4 months, Thankyou!  Color Family:Antique White 0"
36,8,Anonymous,N/A,"Well packed, company response was good, installation was free of cost, my room is 12x12ft n it becomes quite cool after 30 mins on 26 temperature, overall i will rate it 9/10, delivered same as shown, i dint know about its electricity consumption but overall experience was good Color Family:Antique White 2"
37,8,Anonymous,N/A,2 sal pehle mangwaya tha. wo Ac or heater dono tha or 65000 ka aaya tha ab mangwaya hy to 89000 ka aaya hy or sorf cool hy. heater ka option hi nahe hy. wesy chalny me behtreen hy Color Family:Antique White 1
38,8,Anonymous,N/A,"To be honest initially I was scared for ordering, though due to Daraz/ Dawlance we satisfied.item was packed and delivered carefully.  Experience is excellent, keep up the good services.👍 Color Family:Antique White 3"
39,9,Anonymous,N/A,"R32 Gas is dangerous and is advised not to be used. Multiples cases of blasts have been reported. Don’t know why companies are still using it. This could be one of the factors why this unit is on sale.   Otherwise,  Well Packed!  Quality seems good to me.  Works well.  Haven’t used much since installation so can’t tell about long term performance. Color Family:Antique White 3"
40,9,Anonymous,N/A,"Best Investment I have ever made, My room is 10x10x10 Ft and it Consume 1.5-2.5 Amps, I keep the Temp from 25c to 28c and Monthly Amps are average 2. Fully satisfied from everything. Delivery 100%, Packaging 100%, Installations 100%. Full 5 Stars. God Bless. Color Family:Antique White 9"
41,9,Anonymous,N/A,"Timely delivered in a one day, not installed yet as I call the company but they rejected my request to install AC on Weekends. Mostly people are working in offices company should increase their service on Saturday & Sunday also. As Haier company is doing. Color Family:Antique White 2"
42,9,Anonymous,N/A,"Safely packed, but not delivered at door step, self collected from warehouse of leopard Courier after wait for many days. Product quality is outstanding, found as described, working well spacially its Gen mode, purely energy saving function which is need of the day. strongly recommended, I have installed in 14x12 room and there is no problem feel about efficiency.Thanks Dawlance and Daraz. Color Family:Antique White 7"
43,9,Anonymous,N/A,"I am absolutely thrilled with my recent purchase of the Dawlance AC from Daraz! This AC has exceeded my expectations in every way. The cooling performance is outstanding. The sleek and modern design. I was pleasantly surprised by how energy-efficient it is, helping me save on my electricity bills. The installation process was a breeze. Overall, this Dawlance AC has made my summer days incredibly comfortable, and I couldn't be happier with my purchase from Daraz! Highly recommended! ⭐⭐⭐⭐⭐ Color Family:Antique White 1"
44,10,Anonymous,N/A,"very well packed, ithing timw delivery. dawlance team came the next day for installation. the AC performance is more than expected, made the room comfortable. Color Family:Antique White 1"
45,10,Anonymous,N/A,zbrdst chiz full accessories k sath itna dill Khush hua k mza agya dekh k or mzeed Khushi isko install krwa k Mili AJ subha he Mila parcel or AJ he Masha Allah install krwadia . boht boht  shukriya Dawlance ka or sb se ziada Daraz ka jis ki wjha se hum world class chizain khrid k enjoy kertay he or is befikri k sath k Daraz he to no worries. Color Family:Antique White 6
46,10,Anonymous,N/A,Good packing..very nice product  Installed in 12×12 room colling is very good .. Satisfied with the service and product..thanks draz and dawlance  Color Family:Antique White 2
47,10,Anonymous,N/A,MashAllah Bhuhat acha A.C hai abhi maney install nahi karaya hai. I hope acha hi hoga InshAllah aur han wasey bhi Dawlance reliable Hai. 💯 Color Family:Antique White 1
48,10,Anonymous,N/A,excellent service daraz dawlance air conditioner mega T+10 DC inverter split unit thank you so much daraz  Color Family:Antique White 1
49,11,Anonymous,N/A,Alhamdulillah main nay abi instal  kar liya hai zabardast hai no damig our tamam itam sath paking main hai our paking be bohat achi thi. a one cooling dawlace number one Color Family:Antique White 7
50,11,Anonymous,N/A,"Product is nicely packed and delivered at door step as well. Installation is also free of cost by calling dawlance UAN and technician is also coprative. We'll done dawlance flagship mall and daraz as well. Overall experience till now is good Now good experience with dawlance. I am using on solar 3kw system. Good product Recommended to everyone Thanks for dawlance, daraz and seller again and I will order one more on this price Color Family:Antique White 0"
51,11,Anonymous,N/A,بہت اچھی طرح پیک ہوا اے سی وقت پر پہنچ گیا ہے ۔ تمام چیزیں مکمل اور معیاری ہیں۔ انسٹالیشن کا کام کچھ دن بعد آج شروع کیا ہے ۔اور چالو بھی آج ہی کیا ہے۔ اب ٹھیک ٹھیک چلتا رہے تو اچھا ہے۔ Color Family:Antique White 0
52,11,Anonymous,N/A,"I recently purchased this air conditioner about a week ago and I wanted to wait until I had a chance to thoroughly test it before providing an honest review. I must say, I am extremely satisfied with the build quality and cooling performance of this AC unit. It has definitely been worth the investment.  I usually don't take the time to post reviews, but I feel compelled to do so this time because I am genuinely impressed with my purchase. This AC has exceeded my expectations to such an extent that I wanted to share my satisfaction with others. It's rare for me to feel this strongly about a product, but I am truly satisfied with this purchase.  Disclaimer:I am unable to comment on its electricity consumption as it has only been a week since I started using it. Additionally, I reside in a flat in Karachi, where the normal room temperature at night is around 31°C. Considering these conditions, I am impressed that the AC is exceeding my expectations in terms of performance.  Color Family:Antique White 18"
53,11,Anonymous,N/A,Great product  Color Family:Antique White 1
54,12,Anonymous,N/A,"Excellent quality product. Build quality is even better than other brands in the market. Performance is awesome, both indoor and outdoor units noiseless. Color Family:Antique White 0"
55,12,Anonymous,N/A,Very Happy To Buy this Product. It's a value for money product. Totally Satisfied. Dawlance loa tu Baat Bani 😄 Color Family:Antique White 0
56,12,Anonymous,N/A,I ordered this product on Saturday and it's delivered very next day on Sunday with proper packing and all the stuff. I booked installation on Sunday and next day the team arrived and they are very professional. I am very impressed with the way everything handled.  Color Family:Antique White 0
57,12,Anonymous,N/A,"Set at 27/28, the consumptiom for a small room goes to 1.5 amp, which is perfect. Color Family:Antique White 2"
58,12,Anonymous,N/A,"my review is in few words, after using dawlance 0.75ton ac, it's marvellous performance, I ordered one more, but i request dawalance please also send your technician for free installation.  Color Family:Antique White 0"
59,13,Anonymous,N/A,The packing and the quality of product is amazing ! I am fully satisfied Alhamdulillah  Color Family:Antique White 1
60,13,Anonymous,N/A,Good ac ha nice product  Color Family:Antique White 1
61,13,Anonymous,N/A,"fantastic And fast delivery. Packing is also awosme. Product is also very Chill. Thank you so much Dawlance, thank you so much Daraz and TCS as well. I will buy 2 more same product.... Hope all Products will be same and on cheap prices.  Color Family:Antique White 0"
62,13,Anonymous,N/A,"The products are well packed and delivered to the door too. I recently bought this air conditioner in the last week of Ramadan. And the air conditioner after the company spent the Eid holidays Installation was done. I must say that I am so far satisfied with the build quality and cooling performance of this AC unit. Since my room is 10x8 and the temperature outside is 38C, our temperature will go up to 52C this coming summer. I hope this air conditioner will not let me down even in extreme heat. Color Family:Antique White 0"
63,13,Anonymous,N/A,Thank you seller. I purchased this AC in Dec 2023. Installed it now. I fulfilled my promise of giving good review as you sent Good product to me. Seller is good but the Dawlance technician who Installed the Ac was non professional. I had to corect his blunders afterwards. However the installation was free. Color Family:Antique White 0
64,14,Anonymous,N/A,Really Good for a small room. The outer does not make much noise even. Installation is also free.  Color Family:Antique White 0
65,14,Anonymous,N/A,"Cooling Power:I recently purchased the Dolence 0.75-ton AC, and it has truly exceeded my expectations. Its cooling performance is exceptional—it cools the room quickly even in the hottest weather. The inverter technology ensures very low power consumption, so it balances performance with energy savings. The design is sleek and compact, fitting easily into any room. Installation was smooth, and the customer service from Dolence was excellent. If you’re looking for an efficient, stylish, and budget-friendly AC, this model is definitely a top choice.💯👍👍  Color Family:Antique White 0"
66,14,Anonymous,N/A,Parce receive hogaya hai  fitting March ya April main krwaon ga insha Allah phir review doen ga 12.12 ki sale se voucher se faeda hotaya hai Thanks Dawlance and Daraz🥰  Color Family:Antique White 0
67,14,Anonymous,N/A,"After using this AC for 3 months, I am writing this review. It has been working perfectly and cools the room efficiently. I mostly use it in generator mode, locked at 2 amps. It consumes about 3 units of electricity over 10 hours, which is very economical. The only downside is that it does not have a self-cleaning (Clean) mode.  Color Family:Antique White 0"
68,14,Anonymous,N/A,"Very Happy with my recent purchase of Dawlance AC...Thanks daraz and Dawlance... Performance of the AC is great. Fully satisfied with delivery, service and price.  Color Family:Antique White 0"
69,15,Anonymous,N/A,"I had placed an order during the 11.11 sale, Alhamdulillah everything is fine. The very next day after it arrived, I called the Dawlance company to send their workers for the fitting. They came the next day and did the fitting perfectly. Everything is perfect, Alhamdulillah.    Color Family:Antique White 0"
70,15,Anonymous,N/A,"Energy Efficiency:Good Hope  Noise Level:Quite  Cooling Power:Satisfactory as per 0.75 Ton , Good price than market, chat agent quick response and reply upto entire satisfaction. Quick delivery on due date and fast free , gas incl. installation next day. overall very good online exoerirnce of buying from Dawlance thru Daraz, Better than buying from market. packaging found also good. Hope the product ll give longer lasting comfort.   Color Family:Antique White 1"
71,15,Anonymous,N/A,wow.. I am really happy and satisfied with my purchase from Daraz...♥️😇 I received my order before expected delivery time... daraz sale was super amazing...daraz team thanks a lot..I really appreciate your service.. one thing I would mention here dawlance inverter is working really great I have installed this AC by a private electrician as I kept calling dawlance helpline for two days for free ac installation and dawlance helpline didn't' any response ..then I had to have installed this inverter by a private election it costs a lot...over all it was a great experience with shopping on daraz♥️  Color Family:Antique White 0
72,15,Anonymous,N/A,"After using this AC for 3 months, I am writing this review. It has been working perfectly and cools the room efficiently. I mostly use it in generator mode, locked at 2 amps. It consumes about 3 units of electricity over 10 hours, which is very economical. The only downside is that it does not have a self-cleaning (Clean) mode.    Color Family:Antique White 0"
73,15,Anonymous,N/A,"The product is really good, fully satisfied but it takes almost 1.5 months to deliver .The rest is excellent 👍  Color Family:Antique White 0"
74,16,Anonymous,N/A,"I had placed an order during the 11.11 sale, Alhamdulillah everything is fine. The very next day after it arrived, I called the Dawlance company to send their workers for the fitting. They came the next day and did the fitting perfectly. Everything is perfect, Alhamdulillah.    Color Family:Antique White 0"
75,16,Anonymous,N/A,"Energy Efficiency:Good Hope  Noise Level:Quite  Cooling Power:Satisfactory as per 0.75 Ton , Good price than market, chat agent quick response and reply upto entire satisfaction. Quick delivery on due date and fast free , gas incl. installation next day. overall very good online exoerirnce of buying from Dawlance thru Daraz, Better than buying from market. packaging found also good. Hope the product ll give longer lasting comfort.   Color Family:Antique White 1"
76,16,Anonymous,N/A,wow.. I am really happy and satisfied with my purchase from Daraz...♥️😇 I received my order before expected delivery time... daraz sale was super amazing...daraz team thanks a lot..I really appreciate your service.. one thing I would mention here dawlance inverter is working really great I have installed this AC by a private electrician as I kept calling dawlance helpline for two days for free ac installation and dawlance helpline didn't' any response ..then I had to have installed this inverter by a private election it costs a lot...over all it was a great experience with shopping on daraz♥️  Color Family:Antique White 0
77,16,Anonymous,N/A,"After using this AC for 3 months, I am writing this review. It has been working perfectly and cools the room efficiently. I mostly use it in generator mode, locked at 2 amps. It consumes about 3 units of electricity over 10 hours, which is very economical. The only downside is that it does not have a self-cleaning (Clean) mode.    Color Family:Antique White 0"
78,16,Anonymous,N/A,"The product is really good, fully satisfied but it takes almost 1.5 months to deliver .The rest is excellent 👍  Color Family:Antique White 0"
79,17,Anonymous,N/A,installation wala staaf bht hi bura tha verry unpersotional behaviour very unpersotional staaf sari diwaar gandi kar gaye or tape b chori kar ke le gaye baki tcs or daraz ki service achi hy dawlance ko chahye installation waly staaf pe gor karen   Color Family:Antique White 2
80,17,Anonymous,N/A,"The product is really good, ideal for small size room. It is energy efficient, and the cooling is reasonably good. we have been using it for around a month now, quite satisfied.  placed order through Draraz, the experience was really good; got an  economical deal as well. The technicians were also really professional and dealt really well.   Overall, a deal for small rooms, and recommended over second hand ACs in in this category. Would highly suggest to introduce more colours as well.  Color Family:Antique White 0"
81,17,Anonymous,N/A,good product fast delivery best paking good seller  and free installation k sat   Energy Efficiency:low energy cost   Color Family:Antique White 0
82,17,Anonymous,N/A,Cooling Power:10/9  Energy Efficiency:10/9  Noise Level:10/9  very good experience highly recommend   Color Family:Antique White 1
83,17,Anonymous,N/A,price wise bth acha Mila offline market ma 90k ka ha daraz sa 78k ma mil gya ab use kar ka pr review du ga  Color Family:Antique White 0
84,18,Anonymous,N/A,"MashaAllah Budget friendly and energy efficient, shipped on time... Best product from Dawlance Ap ye purchase 1.5 ton ko bhul jayenge  Alhamdulillah 100% Satisfied Technician same day fit krne agya tha Thank you Dawlance, Thanks Daraz  Cooling Power:Excellent  Energy Efficiency:Energy efficient   Color Family:Antique White 0"
85,18,Anonymous,N/A,Cooling Power:10/9  Energy Efficiency:10/8  Noise Level:10/9   choty 10x10 k room k ly Bht achi chez ha Value of money ha  ye bat smjh ni Ai Ak hole 🕳️ company free dati or agr dosra jase k roof main krna ho to usk piasy ye Main first time Dawlance walo sy suna Main Haier ka install krwaya tha wo A to Z free kr k gy thy   Color Family:Antique White 0
86,18,Anonymous,N/A,"I’m extremely satisfied with the whole experience Dawlance The AC is excellent in quality and works perfectly even with low voltage, which is a big advantage in our area. Cooling performance is very strong and efficient. The delivery was right on time, and the installation team arrived the very next day. They installed the AC professionally without charging any extra fees, which was really impressive. Overall, the product performance, service, and installation were all outstanding. 100% satisfied and highly recommended!   Color Family:Antique White 0"
87,18,Anonymous,N/A,highly recommend fast delivery best cooling in 12×12 room after 2 day's used honestly review rat main 8 ghnty use kiya 4 unit use huwy power consumption bhi achi hai bus technician acha nahi tha out ko angle pe rakh k chla gya secure nahi kiya or sirf angle lagany k 2000 rupy liye.  Color Family:Antique White 0
88,18,Anonymous,N/A,agly din milgaya and same day install be hoa thanks daraz filial cooling ka ptarmigan nahi chal raja let see fee days  Color Family:Antique White 0
89,19,Anonymous,N/A,"Cooling Power:my room is 10X11. this is working fine  Energy Efficiency:approx 4A  Noise Level:medium, you can sleep  woeking great   Color Family:Antique White 0"
90,19,Anonymous,N/A,very worst purchase  air conditioner is worst than ceiling fan   highly unsatisfied  please don't purchase  Color Family:قدیم سفید 0
91,19,Anonymous,N/A,"This is a great AC, been using it for 2 weeks in a 10x12 room (120 sq ft) and it is performing better than expected.  Please remember that room size matters A LOT. Here's my conclusion for different room sizes:  1) This will ideally perform BEST for 100 SQ ft. (10x10) 2) This will also perform GOOD up to 120 Sq ft. (10x12) 3) For rooms between 120-150 Sq ft, this will make the room very comfortable to sit in. But please note that cooling won't be great. Especially if there's direct sunlight exposure to the roof. 4) For rooms above 150 sq ft, this AC is not recommended at all.  All in all, highly recommended for up to 120 sq ft rooms.  Color Family:Antique White 0"
92,19,Anonymous,N/A,Agar amp come kr rahe hain L3 se L1 to to cooling bhi kam kr raha ha .10 by 10 k room k liye thek ha agar room size is se bara ha to 1 ton bhetr rahe ga.  Color Family:Antique White 1
93,19,Anonymous,N/A,very nice ac shop me lagaya behtreen cooling kr raha shop size 120sq ft 7 july ko order kia tha sale me 18 ko receive huwa usi din install kr gaya banda free 68800 me purchase kia sale me very reasonable price  Color Family:Antique White 1
94,20,Anonymous,N/A,"Cooling Power:my room is 10X11. this is working fine  Energy Efficiency:approx 4A  Noise Level:medium, you can sleep  woeking great   Color Family:Antique White 0"
95,20,Anonymous,N/A,very worst purchase  air conditioner is worst than ceiling fan   highly unsatisfied  please don't purchase  Color Family:قدیم سفید 0
96,20,Anonymous,N/A,"This is a great AC, been using it for 2 weeks in a 10x12 room (120 sq ft) and it is performing better than expected.  Please remember that room size matters A LOT. Here's my conclusion for different room sizes:  1) This will ideally perform BEST for 100 SQ ft. (10x10) 2) This will also perform GOOD up to 120 Sq ft. (10x12) 3) For rooms between 120-150 Sq ft, this will make the room very comfortable to sit in. But please note that cooling won't be great. Especially if there's direct sunlight exposure to the roof. 4) For rooms above 150 sq ft, this AC is not recommended at all.  All in all, highly recommended for up to 120 sq ft rooms.  Color Family:Antique White 0"
97,20,Anonymous,N/A,Agar amp come kr rahe hain L3 se L1 to to cooling bhi kam kr raha ha .10 by 10 k room k liye thek ha agar room size is se bara ha to 1 ton bhetr rahe ga.  Color Family:Antique White 1
98,20,Anonymous,N/A,very nice ac shop me lagaya behtreen cooling kr raha shop size 120sq ft 7 july ko order kia tha sale me 18 ko receive huwa usi din install kr gaya banda free 68800 me purchase kia sale me very reasonable price  Color Family:Antique White 1
99,21,Anonymous,N/A,"Cooling Power:my room is 10X11. this is working fine  Energy Efficiency:approx 4A  Noise Level:medium, you can sleep  woeking great   Color Family:Antique White 0"
100,21,Anonymous,N/A,very worst purchase  air conditioner is worst than ceiling fan   highly unsatisfied  please don't purchase  Color Family:قدیم سفید 0
101,21,Anonymous,N/A,"This is a great AC, been using it for 2 weeks in a 10x12 room (120 sq ft) and it is performing better than expected.  Please remember that room size matters A LOT. Here's my conclusion for different room sizes:  1) This will ideally perform BEST for 100 SQ ft. (10x10) 2) This will also perform GOOD up to 120 Sq ft. (10x12) 3) For rooms between 120-150 Sq ft, this will make the room very comfortable to sit in. But please note that cooling won't be great. Especially if there's direct sunlight exposure to the roof. 4) For rooms above 150 sq ft, this AC is not recommended at all.  All in all, highly recommended for up to 120 sq ft rooms.  Color Family:Antique White 0"
102,21,Anonymous,N/A,Agar amp come kr rahe hain L3 se L1 to to cooling bhi kam kr raha ha .10 by 10 k room k liye thek ha agar room size is se bara ha to 1 ton bhetr rahe ga.  Color Family:Antique White 1
103,21,Anonymous,N/A,very nice ac shop me lagaya behtreen cooling kr raha shop size 120sq ft 7 july ko order kia tha sale me 18 ko receive huwa usi din install kr gaya banda free 68800 me purchase kia sale me very reasonable price  Color Family:Antique White 1
104,22,Anonymous,N/A,"Cooling Power:my room is 10X11. this is working fine  Energy Efficiency:approx 4A  Noise Level:medium, you can sleep  woeking great   Color Family:Antique White 0"
105,22,Anonymous,N/A,very worst purchase  air conditioner is worst than ceiling fan   highly unsatisfied  please don't purchase  Color Family:قدیم سفید 0
106,22,Anonymous,N/A,"This is a great AC, been using it for 2 weeks in a 10x12 room (120 sq ft) and it is performing better than expected.  Please remember that room size matters A LOT. Here's my conclusion for different room sizes:  1) This will ideally perform BEST for 100 SQ ft. (10x10) 2) This will also perform GOOD up to 120 Sq ft. (10x12) 3) For rooms between 120-150 Sq ft, this will make the room very comfortable to sit in. But please note that cooling won't be great. Especially if there's direct sunlight exposure to the roof. 4) For rooms above 150 sq ft, this AC is not recommended at all.  All in all, highly recommended for up to 120 sq ft rooms.  Color Family:Antique White 0"
107,22,Anonymous,N/A,Agar amp come kr rahe hain L3 se L1 to to cooling bhi kam kr raha ha .10 by 10 k room k liye thek ha agar room size is se bara ha to 1 ton bhetr rahe ga.  Color Family:Antique White 1
108,22,Anonymous,N/A,very nice ac shop me lagaya behtreen cooling kr raha shop size 120sq ft 7 july ko order kia tha sale me 18 ko receive huwa usi din install kr gaya banda free 68800 me purchase kia sale me very reasonable price  Color Family:Antique White 1
109,23,Anonymous,N/A,Cooling Power:good cooling room ka size 10×12 he bilkul sahi kam kr rha he.  Noise Level:Noise bilkul nahi outer me.   Overall ak acha kam kar raha he 26 py rkhta hon sath me thora fan chala leta hon room bilkul thanda hojata hai.  Color Family:Antique White 0
110,23,Anonymous,N/A,Excellent product  received well in time  Will be enough for small room  or room at Ground floor  Got on discounted rates   Color Family:Antique White 0
111,23,Anonymous,N/A,acha ha magar 2 amp gen lock system pe cooling na hone k barabar ha 3 amp thori si cooling hoti ha Baki normal number pe cooling thek ha. aur dosra free installation koi nahi ha cooling pipe ka surakh karne k 1000 rupy liye the. mai ne pehly hi socha tha jo installation krne aye ga usko 1k don ga magr us ne kam karne k 1k mang kr dil tor diya. nai matlab free installation ka drama kiu  Color Family:Antique White 0
112,23,Anonymous,N/A,Noise Level:10/10  Energy Efficiency:10/7  Cooling Power:10/7  The company recommended 10/10 room size actually my room is about 12/13 so that's way it's not so efficient. In a low budget it's as good as Window AC . if u want to buy it u should watch its review first on YouTube then decide . Btw installation is free and the unit has a warranty nicely packed and all basic options are there . A person who can afford one tone ac should consider one tone rather than 0.75. it's my totally honest review.   Color Family:Antique White 1
113,23,Anonymous,N/A,it's great experience product or original cooling more than my expectations installation services also very good after call next day coming and installing very professionally recommended to buy and price also very reasonable thanks dawlance   Color Family:Antique White 0
114,24,Anonymous,N/A,"I purchased this Dawlance AC for my 11x12 room at the price of Rs. 76,400. Installation was provided free of cost since I bought it online, and I only paid Rs. 2,000 for the angle bracket. I am very impressed with the efficiency of the Dawlance helpline. They arranged installation within a few hours on my request.  However, I am not satisfied with the cooling performance of the AC. There is almost no chill cooling even in the current cool weather. I used it continuously for 2.30 hours at 16C , but the cooling remained very weak or average. This is in a room that receives no sunlight, and the outdoor unit is installed in a covered gallery. If the cooling is this low in winter, I am concerned that it will perform even worse during the hot weather in Karachi.   Color Family:Antique White 3"
115,24,Anonymous,N/A,ڈ لیوری بہت جلدی کی ہے TCS کی طرف سے آیا ہے میں اڈریس تبدیل کرنے کا بولا تھا وہ نہیں کیا باقی AC تو کمپنی کا ہے وہ کمپنی اچھی ہے لیکن آگے چلا کر بتائے گے کیسا کام کرتا ہے وہ بھی بتا دے گے میں نے ایک کم اسی ہزار کا ملاه ہے 7999 روپ کا ہے ونڈوں Ac بھی لیا ہے پیسے زایا ہوتے اگر کسی نے 0.75 ٹن کا Ac لیناہے تو نیا لے پرانے اور لاٹ والے Ac نا لے وہ بیکا ہوتے ہے  Color Family:قدیم سفید 0
116,24,Anonymous,N/A,بہت اچھا اے سی ہے دو ایمپیئر پر چلتا ہے کولنگ بھی 12 /12 کمرے میں فرسٹ کلاس ہے شکریہ ڈولنس  ڈالنس کے وارنٹی بہت کمال کی ہے اسپیشل چھ سال گیس کی   Color Family:Antique White 0
117,24,Anonymous,N/A,MashaAllah.Nice product.cooling is good for small rooms.and energy saving product.deliverd on time.installed in 24 hours.thanks daraz  Color Family:Antique White 0
118,24,Anonymous,N/A,"Cooling Power:its okay, keeps the room cold, but not as cool like shivering cold.  Energy Efficiency:its perfect in energy saving, at startup ac takes 4amp then with amp lock it takes 2amp-1.7am, at 16c. which is very energy efficient   Noise Level:very less noise.   overall its okay for my 10f room, but as you know its been raining and it hasn't gotten as hot yet in islamabad, real performance will be known in the month of june july  Color Family:Antique White 0"
119,25,Anonymous,N/A,"Cooling Power: 9/10 Energy Efficiency: 9/10 Noise Level: 10/10 If your room size js around 10*10 or 10*12 The Dawlance T10 will be the best choice for you.  Very low or no noise at all, very energy efficient as you can lock the ampere of the AC with perfect cooling.  Technical staff, the installation team, customer care are also very cooperative and professional.  This is my 2nd purchase from Dawlance and very much satisfied with it.  Bundle of Thanks.   Color Family:Antique White 0"
120,25,Anonymous,N/A,"I have just received my order, and it is still packed. I don't know how to call a technician for its installation. Kindly guide.  The AC has been installed and performing quite satisfactorily. Now I have replaced all the three rooms ACs with Dawlence. I am much satisfied with their performance and their services.   I have also purchased Dawlence deep freezer, that is also working very nice. The cooling power is excellent.  .  Energy Efficiency:It is quite energy efficient, specially in Generator mode.  Noise Level:It is noise less.   Color Family:Antique White 0"
121,25,Anonymous,N/A,Perfact packing and delivered in just 2 days. Installed few hours after delivery for free. Good cooling and low power consumption.   Energy Efficiency:10  Cooling Power:7  Noise Level:7  Color Family:Antique White 0
122,25,Anonymous,N/A,very good looking and is in glass finishing where are looking is so good and with proper installation parts and accessories but out dor size is compact I haven’t installed it yet; I’ll install it in the summer and then review it again. Inshallah  Color Family:Antique White 0
123,25,Anonymous,N/A,Cooling Power:  Excellent  Energy Efficiency:  will Get after month Noise Level:  zero  literally i ordered on doubt because no one prefer to use 0.75 ton but finally i got the parcel and next installed it too Its amazing Ac what a cooling mind blowing 12/12 Room size excellent working on 26c Thankyou Dawlance     Color Family:Antique White 1
124,26,Anonymous,N/A,Acha ac hai ye ac 10by10 rom k liye hai lekin mere room ka size 15 by 12 hai phr b Acha kam kr rha hai  Color Family:Antique White 0
125,26,Anonymous,N/A,Ac delivered on time Installation free thi next day install bhe ker k gaye company wlay good experience    Cooling Power:9/10   Energy Efficiency:9/10   Noise Level:zero   Color Family:Antique White 0
126,26,Anonymous,N/A,Cooling Power:10  Energy Efficiency:10  Noise Level:10  what a incredible product in that price range highly recommended for smaller room size   Color Family:Antique White 0
127,26,Anonymous,N/A,"Excellent And Comfortable Experience with Dawlance. The Delivery was very Smooth, The Company's Staff came for Installation Right Next Day.   In terms of Performance, the AC is performing well for a 100 Sq. Feet Room at Ground floor, the Throw is excellent, Very Very Low Noise levels and Air through is Phenomenal.  Fully Recommend in the similar conditions.  Color Family:Antique White 0"
128,26,Anonymous,N/A,Energy Efficiency:when use then sure   Cooling Power:abi  just install kia ha .   Noise Level:No idea yet.  Color Family:Antique White 1
129,27,Anonymous,N/A,ابھی تک لگایا نہیں ہے عیدالفطر کے بعد لگوائوں گا پھر بتائوں گا کہ کیسی پرفارمنگ دے رہا ہے، ایک چیز کا نہائیت افسوس ہے کہ آئوٹڈور یونٹ کی کڈنسر کی جالی والی سائیڈ پر سیفٹی گرل نہیں دی گئی سیلر سے ربطہ کیا تو انہوں نے کہا وہ ہوتی ہی نہیں جبکہ وہ ہر اے سی پر لازمی لگی ہوتی ہے، اگر وہ نہ ہو تو کوئی بھی جانور پرندہ اسکو نقصان پہنچا سکتا ہے، کیونکہ وہ نہایت نازک ہوتی ہے اور یونٹ بھی باہر ہوتا ہے، ابھ مجھے وہ بازار سے خریدنا پڑے گی، اس لئیے کولٹی کے حساب سے 3 اسٹار دوں گا  Color Family:Antique White 1
130,27,Anonymous,N/A,"AC was received in good condition and delivered on time. It is perfect for small rooms and provides good cooling performance. Although it takes a little time to cool the room completely, overall it works very well and is a great choice for small spaces.  Color Family:Antique White 0"
131,27,Anonymous,N/A,Cooling Power:good. i installed  it in 16x16 room.  room temperature is comfortable   Energy Efficiency:suitable for save electricity   Noise Level:zero  Color Family:Antique White 0
132,27,Anonymous,N/A,I have received my parcel. Thanks seller n delivery bhi on time. Also the delivery person was very cooperative.   Color Family:Antique White 0
133,27,Anonymous,N/A,AC is good. Daraz delivery is very efficient well before time. But the installation team did not install properly as AC is dripping water from the front.   Color Family:Antique White 0
134,28,Anonymous,N/A,Best ac. superb fast cooling. works best on low watts. even chill my  12*15 room  thanks daraz. thanks Dawlance.  Energy Efficiency:best  Noise Level:no voice   Cooling Power:superb.  Color Family:Antique White 0
135,28,Anonymous,N/A,I ordered on 2nd June and requested them to do a fast delivery and got my order on 5th June and next day dawlance team installed it..  so far AC is good I am using dawlance T3 1 ton AC of course it is not that powerful but at least yh Mera top room bethnay Kay qabil Bana deta hai   Color Family:Antique White 2
136,28,Anonymous,N/A,"AC is great for a small Room/Office, Cooling is superb and Dawlance after sale service is satisfactory providing Free Installation.  Color Family:Antique White 0"
137,28,Anonymous,N/A,"Cooling Power:very good cooling for small to medium rooms.  Energy Efficiency:it has Gen mode L1 uses only 2Amp.  Noise Level:Just like any other AC.   It also has some antibacterial pads installed. I don't know what is the exact function of them.  Note: Free installation cover one AC hole and AC Installation only. Rest all work is charges, even adjusting the exisitng angle iron for AC foundation.   Color Family:Antique White 0"
138,28,Anonymous,N/A,"The quality and efficiency is awesome in this price is awesome. very compact and beautiful.   Cooling Power:sufficient, one can consider this ac against 1 ton for economical use. air through is good with 4d flow.  Energy Efficiency:fantastic  Noise Level:very low noise  Color Family:Antique White 0"
139,29,Anonymous,N/A,"I ordered a Dawlance AC from Daraz and got the best service. The delivery was done within just 2 days, and the very next day the technician came for installation. Delivery and fitting were completely free, only charges for the angle were taken.  The AC performance is excellent – the different modes are very useful, and the Gen Mode works perfectly. Both the service and the product exceeded my expectations.  Highly recommend Dawlance – excellent service & excellent product!   Color Family:Antique White 0"
140,29,Anonymous,N/A,"Cooling Power:V V good,   v v good cooling, i am using this in 10 by 10 room and its work amazing, using it on 3A lock but cooling is excellent, unbelievable results, thanks dawlance for product like this in very impressive economic rate, Best of luck,   Energy Efficiency:vv good  Noise Level:normal  Color Family:Antique White 0"
141,29,Anonymous,N/A,Cooling Power:  awesome  Free installation done It’s super cool and affordable price Thank you so much   Color Family:Antique White 0
142,29,Anonymous,N/A,"Well Packed, Timely Delivery, But Cooling Power will be checked in the Month of June And July..........  Color Family:Antique White 0"
143,29,Anonymous,N/A,Cooling Power: اسلام علیکم ابھی جبک نہیں کیا تھینک یو دراز ٹائم سے ڈلیوری ہو گئی تھی اور اگلے دن انسٹالیشن کے لیے بھی بندے اگئے تھے اور  Dowlance کی original Product ہے Thanks daraz  Color Family:Antique White 0
144,30,Anonymous,N/A,Cooling Power:10  Energy Efficiency:10  Noise Level:07  Mene kafi Daar k lya tha logon k comments dekhe jis ma wo keh rhe thy ye theek ni ha Cooling ni krtaa or kaafi kch mera room size 10*11 ha usma install kia ha starting ampere 4.5 ha mene 2 Ghanta bad 3  Ampere per set kr dia tha jis k sth Coling b behraren rhi or 2.5 2.6 amperes pr chalta rha   Color Family:قدیم سفید 2
145,30,Anonymous,N/A,this is my 2nd order chote room se average tk k Liye behtreen ac ha ye energy consumption is very low on max high cooling mode 5 amp wo bi pahle 45 min 2nd hour ma 3.5 pe or first hour k bad gen mode select krle to 3 se 2 amp ki low high setting lag jati very good product recommended 💯 👍   Cooling Power:10/10 average room k hisab se zabardast  Energy Efficiency:10/10 very very good on gen mode 1.7 amp at stable  Noise Level:10/10   Color Family:Antique White 0
146,30,Anonymous,N/A,"Received in Good Packaging condition was awesome, not used not opened will install later. Will follow up review after use.  Color Family:Antique White 0"
147,30,Anonymous,N/A,yes Allamdullilha today installed ac in home this is good working also good cooperative team work best quality now   Color Family:Antique White 0
148,30,Anonymous,N/A,Cooling Power:very good on 4 amp  normal  at 2amp if you sitting in front of ac then its ok otherwise i recommend if want to save money use on 3 amp cooling and watts consumption will be good. these details are in 10*12 room. delivery was on time in given time frame. overall good product must recommend on purchasing.  Noise Level:very quite no sound at all.  Energy Efficiency:very effective on electricity take 1kv on full capacity and 850 to 900 watts on 4 amp settings   hope tis details could help others. Note must use a ampere meter with it.  Color Family:Antique White 2
149,31,Anonymous,N/A,Energy Efficiency:  good  Cooling Power:  is low but it’s good enough  Noise Level:  good  all accessory is too good  Color Family:Antique White 0
150,31,Anonymous,N/A,"This is the best decision I have taken regarding the selection of an AC. My room is 12x12 on ground floor. It doesn’t get direct sunlight so I thought this A  would be okay. I bought it, got it installed and finally the moment of truth came. I started it at 16C first with normal operation (no ampere reduction). I started feeling cold. Then I changed the setting to L1 and set the temp to 24 and set the ceiling fan to low. It provided comfortable cooling and used only 400-500 watts. Now, I run it in range 24-27C and it consumes 350-550 watts alongside ceiling fan. I am more than happy with this product.   I hope it stays like this and no issue arises in future.  Color Family:Antique White 0"
151,31,Anonymous,N/A,آج 16 اپریل 2025 کو مجھے یہ اے سی ملا ہے ٹی سی ایس نے میرے گھر پر پہنچایا ہے دروازے تک دے کر گئے ہیں 82 ہزار 900 روپے میں ملا ہے۔اصل قیمت زیادہ ہے لیکن پروموشن ،سیل وغیرہ ڈسکاؤنٹ ڈال کر اسی قیمت میں ملا ہے۔ابھی انسٹال نہیں کیا لیکن ڈیلیوری اچھی ہے باقی اللہ خیر کرے۔۔آمین  Color Family:Antique White 3
152,31,Anonymous,N/A,Good Product.. Fast Delivery Nice Packing.. Worth to Buy. Color Family:Antique White 1
153,31,Anonymous,N/A,best of bests.... highly recommended   Cooling Power:best  Energy Efficiency:best  Noise Level:mid  Color Family:Antique White 0
154,32,Anonymous,N/A,zabardast hai mashAllah c thanks daraz inshAllah ager aise he zabardast parcel received hue tu daraz shopping its good experience Alhumdullillah  Color Family:Antique White 0
155,32,Anonymous,N/A,"AC is good but probably not fit for my room 14x11 , I ordered after seeing reviews that it's working perfectly for similar room sizes but it's clearly not, since installation I have been running it for around 12 hours each day but the only part of the room gets cooled is which is directly in front of AC , through is good but AC is probably for the 10x10 rooms or smaller I don't know how people are posting positive review for rooms around 13x11 or similar sizes stuck with the purchase now anyways Color Family:Antique White 4"
156,32,Anonymous,N/A,"fantastic, economy, quality  All features are nice, fine and above expected.  Glad to get a free installation.  But one thing to mention:The installer in Okara City needs counselling; he never lets the customer feel about availing the facility given by the company rather he imposes his extra charges of fixing the outdoor unit' hanger.... however a nice experience. I hope to enjoy the ac unit in the coming summer... inshallah.  Color Family:Antique White 1"
157,32,Anonymous,N/A,"Good product. Gen mode is great. It will only take 2A, or 440 watts in Gen mode L1. Color Family:Antique White 0"
158,32,Anonymous,N/A,Best for a small room   Cooling Power:best  Energy Efficiency:not sure  Noise Level:no noise   Color Family:Antique White 0
159,33,Anonymous,N/A,Good packaging. Best for small rooms. Most affordable & quality product. Highly recommended.   Color Family:Antique White 0
160,33,Anonymous,N/A,it's price ok h or quality bhi achi h plus free installation bhi hue h or achi cooling kr raha h ac  Color Family:Antique White 0
161,33,Anonymous,N/A,Received the package and it was in fine form the delivery terms were some mess but anyhow I received it the unit is good not tried it yet but it seems good for my 10 x 10 room  Color Family:Antique White 0
162,33,Anonymous,N/A,thank you  daraz its delivered on time thank you dawlance bohat acha hai cooling b achi hai   Color Family:Antique White 0
163,33,Anonymous,N/A,Very good packaging. Best & the most affordable 0.75 Ton Inverter AC in the market so far.   Color Family:Antique White 0
164,34,Anonymous,N/A,buying the same ac 2nd time for my friend as I have been using it for the last 2 years.   Color Family:Antique White 0
165,34,Anonymous,N/A,Best price / Safe & speedy delivery / Free Installation / Super cool performance … what else you are waiting for ?  Color Family:Antique White 0
166,34,Anonymous,N/A,Sara din chala kr b bill 4500 aya... Best for 12x12 room Color Family:Antique White 1
167,34,Anonymous,N/A,Cooling Power:Great  Energy Efficiency:Great  Noise Level:Less  Awesome product to use  Color Family:Antique White 0
168,34,Anonymous,N/A,Cooling Power:very good for 10/10 room  Energy Efficiency:80%  Noise Level:no noise   Color Family:Antique White 0
169,35,Anonymous,N/A,Cooling Power:good dowlance Ac 0.75 ton I like Dil Bhag Bhag ho gay thanks Dowlance   Color Family:Antique White 2
170,35,Anonymous,N/A,Very great product cheap deal and good quality. Consumes little energy around 850 watts and less when temperature is achieved. Color Family:Antique White 0
171,35,Anonymous,N/A,"Product is upto the mark also installation was quick but delivery was pathetic,had to call multiple times after the mentioned time to get it delivered  Color Family:Antique White 0"
172,35,Anonymous,N/A,Alhamdulillah I am satisfied this product  excellent result  Color Family:Antique White 0
173,35,Anonymous,N/A,good ac but dawlance wale thoda slow hain 3 din bad bna aya ac lagane Color Family:Antique White 0
174,36,Anonymous,N/A,"My 2nd order received yesterday and today AC installed, thanks Dawlance and Draz.   Color Family:Antique White 0"
175,36,Anonymous,N/A,One of the best Ac for electricity consumption and good cooling in cheaper price.   Color Family:Antique White 0
176,36,Anonymous,N/A,Cooling Power:really good  Energy Efficiency:very efficient   Noise Level:very low  Color Family:Antique White 0
177,36,Anonymous,N/A,Cooling Power:Abi on kia ha. hawa to thndi dy rha ha  Noise Level:Norml eco frndly  Color Family:Antique White 0
178,36,Anonymous,N/A,"Cooling Power:Welcome to Gboard clipboard, any text you copy will be saved here.   Color Family:Antique White 0"
179,37,Anonymous,N/A,Cooling Power:good  Energy Efficiency:as described amp lock works like a charm.   Color Family:Antique White 0
180,37,Anonymous,N/A,The Packaging was very Awesome.. the product is good and original.. the product i received is as same as shown in the picture  Color Family:Antique White 1
181,37,Anonymous,N/A,Energy Efficiency:enery efficient ha  Noise Level:good  Cooling Power:very good  Color Family:Antique White 0
182,37,Anonymous,N/A,Energy Efficiency:very efficiency's   Cooling Power:normal  Noise Level:normal  Color Family:قدیم سفید 0
183,37,Anonymous,N/A,"I ordered a for my niece, this was my 4th AC order, thanks Dawlance and Draz.  Color Family:Antique White 0"
184,38,Anonymous,N/A,Cooling Power:very nice cooling thanks Daraz for good delivery and dawlance   Color Family:Antique White 0
185,38,Anonymous,N/A,Recommended Item♥️👍🏻  Cooling Power:  Excellent  Energy Efficiency:  Good  Color Family:Antique White 0
186,38,Anonymous,N/A,Looks good. Working fine for me.  Highly recommended for an 8/10 size room.  Color Family:Antique White 0
187,38,Anonymous,N/A,"2nd order... Good product, energy efficient and best for a small room... Color Family:Antique White 1"
188,38,Anonymous,N/A,good AC hai sep ma tou cooling thek ha june july ma use kr k pta chaly ga  Color Family:Antique White 0
189,39,Anonymous,N/A,Cooling Power:very nice cooling thanks Daraz for good delivery and dawlance   Color Family:Antique White 0
190,39,Anonymous,N/A,Recommended Item♥️👍🏻  Cooling Power:  Excellent  Energy Efficiency:  Good  Color Family:Antique White 0
191,39,Anonymous,N/A,Looks good. Working fine for me.  Highly recommended for an 8/10 size room.  Color Family:Antique White 0
192,39,Anonymous,N/A,"2nd order... Good product, energy efficient and best for a small room... Color Family:Antique White 1"
193,39,Anonymous,N/A,good AC hai sep ma tou cooling thek ha june july ma use kr k pta chaly ga  Color Family:Antique White 0
194,40,Anonymous,N/A,Cooling Power:very nice cooling thanks Daraz for good delivery and dawlance   Color Family:Antique White 0
195,40,Anonymous,N/A,Recommended Item♥️👍🏻  Cooling Power:  Excellent  Energy Efficiency:  Good  Color Family:Antique White 0
196,40,Anonymous,N/A,Looks good. Working fine for me.  Highly recommended for an 8/10 size room.  Color Family:Antique White 0
197,40,Anonymous,N/A,"2nd order... Good product, energy efficient and best for a small room... Color Family:Antique White 1"
198,40,Anonymous,N/A,good AC hai sep ma tou cooling thek ha june july ma use kr k pta chaly ga  Color Family:Antique White 0
199,41,Anonymous,N/A,Cooling Power:Pretty good  Energy Efficiency:Not bad  Noise Level:Decent  Color Family:Antique White0
200,41,Anonymous,N/A,Cooling Power:good  Energy Efficiency:good  Noise Level:none  recommended Color Family:Antique White0
201,41,Anonymous,N/A,Cooling Power:Excellent   Energy Efficiency:Excellent   Noise Level:8/10 Color Family:Antique White0
202,41,Anonymous,N/A,Cooling Power:  so good  Energy Efficiency:  average  Noise Level:  8/10 Color Family:Antique White0
203,41,Anonymous,N/A,Masha Allah bhot Acha chal Raha...Aj hi install krwaya...bhot Acha unit hy...Color Family:Antique White0
204,42,Anonymous,N/A,Daraz Service Satisfied Hoon AC Timely Received Ho Gya Hay Daraz ❤️  Color Family:Antique White 1
205,42,Anonymous,N/A,The product is excellent and received within 24 hours. Working fine in 10X12 room. Color Family:Antique White 0
206,42,Anonymous,N/A,very good service and genuine product. good packaging value money thanks.   Color Family:Antique White 0
207,42,Anonymous,N/A,Received.....Abhi Lagaya Nai Jab Lagwao Ga Phir Review Du Ga....😊  Color Family:Antique White 1
208,42,Anonymous,N/A,Product has received on time but we are still awaiting installation team 😔 Color Family:Antique White 0
209,43,Anonymous,N/A,Daraz Service Satisfied Hoon AC Timely Received Ho Gya Hay Daraz ❤️  Color Family:Antique White 1
210,43,Anonymous,N/A,The product is excellent and received within 24 hours. Working fine in 10X12 room. Color Family:Antique White 0
211,43,Anonymous,N/A,very good service and genuine product. good packaging value money thanks.   Color Family:Antique White 0
212,43,Anonymous,N/A,Received.....Abhi Lagaya Nai Jab Lagwao Ga Phir Review Du Ga....😊  Color Family:Antique White 1
213,43,Anonymous,N/A,Product has received on time but we are still awaiting installation team 😔 Color Family:Antique White 0
214,44,Anonymous,N/A,In just 2 days it's delivered. Thanks. No question on brand as its a reliable one.  Color Family:Antique White 0
215,44,Anonymous,N/A,shukar mil gya ab baqi reviews installation k bad inshaAllah   Color Family:Antique White 0
216,44,Anonymous,N/A,recieved but not installed yet .hope it work well.InshaAllah   Color Family:Antique White 0
217,44,Anonymous,N/A,Good product and good installation team. Color Family:Antique White 0
218,44,Anonymous,N/A,Cooling Power:best  Energy Efficiency:best  Noise Level:best  Color Family:Antique White 0
219,45,Anonymous,N/A,In just 2 days it's delivered. Thanks. No question on brand as its a reliable one.  Color Family:Antique White 0
220,45,Anonymous,N/A,shukar mil gya ab baqi reviews installation k bad inshaAllah   Color Family:Antique White 0
221,45,Anonymous,N/A,recieved but not installed yet .hope it work well.InshaAllah   Color Family:Antique White 0
222,45,Anonymous,N/A,Good product and good installation team. Color Family:Antique White 0
223,45,Anonymous,N/A,Cooling Power:best  Energy Efficiency:best  Noise Level:best  Color Family:Antique White 0
224,46,Anonymous,N/A,Very nice ac what a price and delivery amazing thanks Daraz   Color Family:Antique White 0
225,46,Anonymous,N/A,packing bi achi ha Colling bi achi kr filahl aj dosra din ha  Color Family:Antique White 0
226,46,Anonymous,N/A,Cooling Power:best  Energy Efficiency:best  Noise Level:best  Color Family:Antique White 0
227,46,Anonymous,N/A,Cooling Power:best  Energy Efficiency:best  Noise Level:low  Color Family:Antique White 0
228,46,Anonymous,N/A,Cooling Power:best  Energy Efficiency:best  Noise Level:low  Color Family:Antique White 0
229,47,Anonymous,N/A,Cooling Power:good  Energy Efficiency:good  Noise Level:low  Color Family:قدیم سفید 0
230,47,Anonymous,N/A,Cooling Power:best  Energy Efficiency:best  Noise Level:low  Color Family:Antique White 0
231,47,Anonymous,N/A,Cooling Power:best  Energy Efficiency:best  Noise Level:low  Color Family:Antique White 0
232,47,Anonymous,N/A,Cooling Power:best  Energy Efficiency:high  Noise Level:low  Color Family:Antique White 0
233,47,Anonymous,N/A,Cooling Power:best  Energy Efficiency:best  Noise Level:low  Color Family:Antique White 0
234,48,Anonymous,N/A,"AC Behtreen hai, Dawlance ki service ko buhat time lg gya, phr jab banda aya install kr k gya 2-3 din k baad gas leaked but Dawlance walon ny gas phr daldi free. Installation hoty hoty mjy 1 month lg gya... Which is very bad, so make sure things are working and the person who arive is wearing company uniform, ya ksi random logo ko bhej dety for installation. Otherwise AC Cooling is working Great, Alhamdulillah.. Color Family:Antique White 1"
235,48,Anonymous,N/A,Cooling Power:ok   Energy Efficiency:good   Noise Level:1%  Color Family:Antique White 0
236,48,Anonymous,N/A,Cooling Power:  hckyxitdiditxtdykckhlvuuvulgouffoydditdit  Color Family:Antique White 0
237,48,Anonymous,N/A,Noise Level: Bhai is price m to boht aaalllaaa ha.awesome  Color Family:Antique White 0
238,48,Anonymous,N/A,best 0.75 ton AC in market. thank u dawlance and Daraz Pk Color Family:Antique White 0
239,49,Anonymous,N/A,best for small room 12x12 Color Family:Antique White 0
240,49,Anonymous,N/A,Energy Efficiency:very good AC and energy efficient 👍🏻  Color Family:Antique White 0
241,49,Anonymous,N/A,"It's not working fine. we are facing so many issues. its throw is quite less and faced low gas problem even after filling gas, we didn't find any improvement. Maybe it has faults in making. Complained 2nd time and waiting the response from Dawlance. Now, they receive the call and say that our team will visit but their team is not visiting and AC is not working fine.Really disappointed by Dawlence's service It's cooling is worse and noone is visiting us to address the issue despite complaints.  Color Family:Antique White 0"
242,49,Anonymous,N/A,"got delivered, will rewrite review after installation   Color Family:Antique White 0"
243,49,Anonymous,N/A,Energy Efficiency:really good in terms of bill saving   Color Family:Antique White 0
244,50,Anonymous,N/A,"Not installed/used yet but seems good Rs 80,000 is a reasonable price for this Color Family:Antique White 0"
245,50,Anonymous,N/A,Cooling Power:well done  Energy Efficiency:well done  Color Family:Antique White 0
246,50,Anonymous,N/A,perfect product / installation.  Color Family:Antique White 0
247,50,Anonymous,N/A,"Excellent product, well packed and delivered at ISB  Color Family:Antique White 0"
248,50,Anonymous,N/A,Nice and reasonable ac and working is also awesome   Color Family:Antique White 0
249,51,Anonymous,N/A,Packaging was nice and overall AC is perfectly fine  Color Family:قدیم سفید 0
250,51,Anonymous,N/A,Noise Level:  best hy zabardast orlya chayote ap ko  Color Family:Antique White 0
251,51,Anonymous,N/A,Very Reasonable and works so well. Awesome Cooling!  Color Family:Antique White 0
252,51,Anonymous,N/A,"Excellent service by Dawlance, quick installation   Color Family:Antique White 1"
253,51,Anonymous,N/A,Noise Level:original suppplier   timely delivery  Color Family:Antique White 0
254,52,Anonymous,N/A,aj he received howa h use k bad he pta chaly ga   Color Family:Antique White 0
255,52,Anonymous,N/A,Energy Efficiency:good 😊  Cooling Power:good 👍  Color Family:Antique White 1
256,52,Anonymous,N/A,well packed & Delivered in time Color Family:Antique White 0
257,52,Anonymous,N/A,I get dawalnce ac today. hope it will be good.  Color Family:Antique White 0
258,52,Anonymous,N/A,Energy Efficiency: excellant  Noise Level:less  Color Family:Antique White 0
259,53,Anonymous,N/A,Cooling Power:best hy  Energy Efficiency:achi   Color Family:Antique White 0
260,53,Anonymous,N/A,Cooling Power:Perfect   Energy Efficiency:Yes  Color Family:Antique White 0
261,53,Anonymous,N/A,Good. not installed yet but received safely.  Color Family:Antique White 1
262,53,Anonymous,N/A,"ITS good, it was late but still, recommended  Color Family:Antique White 0"
263,53,Anonymous,N/A,xcellent quality product deliver as said Color Family:Antique White 0
264,54,Anonymous,N/A,A right decision made. Dawlence is reliable Color Family:Antique White 0
265,54,Anonymous,N/A,good product and service  Color Family:Antique White 0
266,54,Anonymous,N/A,Good product Amazing products recommended   Color Family:Antique White 0
267,54,Anonymous,N/A,Good 👍😊👍😊 safe. packing delivery fast  Color Family:Antique White 0
268,54,Anonymous,N/A,Nice cooling and great energy efficiency.  Color Family:Antique White 0
269,55,Anonymous,N/A,Ac Acha hai but delivery bht late howa hai Color Family:Antique White 0
270,55,Anonymous,N/A,I am very happy to have it on such price.  Color Family:Antique White 0
271,55,Anonymous,N/A,bhtt acha A c ha zabardast cooling krta ha Satisfied 100% 👍🏻👍🏻 Color Family:Antique White 1
272,55,Anonymous,N/A,Noise Level:zero  Cooling Power:exellent  Color Family:Antique White 0
273,55,Anonymous,N/A,good performance for my office space. compact but powerful  Color Family:Antique White 0
274,56,Anonymous,N/A,good product. delivery on time. thanks   Color Family:Antique White 0
275,56,Anonymous,N/A,Cooling Power:good   Noise Level:all ok  Color Family:Antique White 0
276,56,Anonymous,N/A,behtreen hy thanks daraz and Dawlance   Color Family:قدیم سفید 0
277,56,Anonymous,N/A,Good product for max 10x14 size room  Color Family:Antique White 1
278,56,Anonymous,N/A,very good Quality timely delivery     Color Family:Antique White 0
279,57,Anonymous,N/A,nice sab le lo acha hai or munasib b  Color Family:Antique White 0
280,57,Anonymous,N/A,"hmm behtar quality hai,......abhi   Color Family:Antique White 0"
281,57,Anonymous,N/A,Cooling Power:Best hy is price ma   Color Family:Antique White 0
282,57,Anonymous,N/A,"Nice product, delivered on time.  Color Family:Antique White 0"
283,57,Anonymous,N/A,I received it on time!! Its working perfectly.🙌  Color Family:Antique White 0
284,58,Anonymous,N/A,nice sab le lo acha hai or munasib b  Color Family:Antique White 0
285,58,Anonymous,N/A,"hmm behtar quality hai,......abhi   Color Family:Antique White 0"
286,58,Anonymous,N/A,Cooling Power:Best hy is price ma   Color Family:Antique White 0
287,58,Anonymous,N/A,"Nice product, delivered on time.  Color Family:Antique White 0"
288,58,Anonymous,N/A,I received it on time!! Its working perfectly.🙌  Color Family:Antique White 0
289,59,Anonymous,N/A,Highly recommended  Color Family:Antique White 0
290,59,Anonymous,N/A,Energy Efficiency:excellent   Color Family:Antique White 0
291,59,Anonymous,N/A,Best quality best packing best price best cooling Color Family:Antique White 0
292,59,Anonymous,N/A,Good quality in this price   Color Family:Antique White 0
293,59,Anonymous,N/A,Best in reasonable price   Color Family:Antique White 0
294,60,Anonymous,N/A,Highly recommended  Color Family:Antique White 0
295,60,Anonymous,N/A,Energy Efficiency:excellent   Color Family:Antique White 0
296,60,Anonymous,N/A,Best quality best packing best price best cooling Color Family:Antique White 0
297,60,Anonymous,N/A,Good quality in this price   Color Family:Antique White 0
298,60,Anonymous,N/A,Best in reasonable price   Color Family:Antique White 0
299,61,Anonymous,N/A,Highly recommended  Color Family:Antique White 0
300,61,Anonymous,N/A,Energy Efficiency:excellent   Color Family:Antique White 0
301,61,Anonymous,N/A,Best quality best packing best price best cooling Color Family:Antique White 0
302,61,Anonymous,N/A,Good quality in this price   Color Family:Antique White 0
303,61,Anonymous,N/A,Best in reasonable price   Color Family:Antique White 0
304,62,Anonymous,N/A,Highly recommended  Color Family:Antique White 0
305,62,Anonymous,N/A,Energy Efficiency:excellent   Color Family:Antique White 0
306,62,Anonymous,N/A,Best quality best packing best price best cooling Color Family:Antique White 0
307,62,Anonymous,N/A,Good quality in this price   Color Family:Antique White 0
308,62,Anonymous,N/A,Best in reasonable price   Color Family:Antique White 0
309,63,Anonymous,N/A,Highly recommended  Color Family:Antique White 0
310,63,Anonymous,N/A,Energy Efficiency:excellent   Color Family:Antique White 0
311,63,Anonymous,N/A,Best quality best packing best price best cooling Color Family:Antique White 0
312,63,Anonymous,N/A,Good quality in this price   Color Family:Antique White 0
313,63,Anonymous,N/A,Best in reasonable price   Color Family:Antique White 0
314,64,Anonymous,N/A,Highly recommended  Color Family:Antique White 0
315,64,Anonymous,N/A,Energy Efficiency:excellent   Color Family:Antique White 0
316,64,Anonymous,N/A,Best quality best packing best price best cooling Color Family:Antique White 0
317,64,Anonymous,N/A,Good quality in this price   Color Family:Antique White 0
318,64,Anonymous,N/A,Best in reasonable price   Color Family:Antique White 0
319,65,Anonymous,N/A,Highly recommended  Color Family:Antique White 0
320,65,Anonymous,N/A,Energy Efficiency:excellent   Color Family:Antique White 0
321,65,Anonymous,N/A,Best quality best packing best price best cooling Color Family:Antique White 0
322,65,Anonymous,N/A,Good quality in this price   Color Family:Antique White 0
323,65,Anonymous,N/A,Best in reasonable price   Color Family:Antique White 0
324,66,Anonymous,N/A,Highly recommended  Color Family:Antique White 0
325,66,Anonymous,N/A,Energy Efficiency:excellent   Color Family:Antique White 0
326,66,Anonymous,N/A,Best quality best packing best price best cooling Color Family:Antique White 0
327,66,Anonymous,N/A,Good quality in this price   Color Family:Antique White 0
328,66,Anonymous,N/A,Best in reasonable price   Color Family:Antique White 0
329,67,Anonymous,N/A,delivered. Alhamdulillah  Color Family:Antique White 0
330,67,Anonymous,N/A,"delivery was delayed from the committed timeline.   The unit was defective.  Dawalance service technician incompetent and unable to repair the unit.   Subsequently, the defective part was replaced by dawlance and the unit is working effectively   Color Family:White 15"
331,67,Anonymous,N/A,alhamdolillah mobarak g   Color Family:Antique White 1
332,67,Anonymous,N/A,Cooling Power:very nice  Color Family:Antique White 0
333,67,Anonymous,N/A,Cooling Power:awesome    Color Family:Antique White 0
334,68,Anonymous,N/A,delivered. Alhamdulillah  Color Family:Antique White 0
335,68,Anonymous,N/A,"delivery was delayed from the committed timeline.   The unit was defective.  Dawalance service technician incompetent and unable to repair the unit.   Subsequently, the defective part was replaced by dawlance and the unit is working effectively   Color Family:White 15"
336,68,Anonymous,N/A,alhamdolillah mobarak g   Color Family:Antique White 1
337,68,Anonymous,N/A,Cooling Power:very nice  Color Family:Antique White 0
338,68,Anonymous,N/A,Cooling Power:awesome    Color Family:Antique White 0
339,69,Anonymous,N/A,delivered. Alhamdulillah  Color Family:Antique White 0
340,69,Anonymous,N/A,"delivery was delayed from the committed timeline.   The unit was defective.  Dawalance service technician incompetent and unable to repair the unit.   Subsequently, the defective part was replaced by dawlance and the unit is working effectively   Color Family:White 15"
341,69,Anonymous,N/A,alhamdolillah mobarak g   Color Family:Antique White 1
342,69,Anonymous,N/A,Cooling Power:very nice  Color Family:Antique White 0
343,69,Anonymous,N/A,Cooling Power:awesome    Color Family:Antique White 0
344,70,Anonymous,N/A,delivered. Alhamdulillah  Color Family:Antique White 0
345,70,Anonymous,N/A,"delivery was delayed from the committed timeline.   The unit was defective.  Dawalance service technician incompetent and unable to repair the unit.   Subsequently, the defective part was replaced by dawlance and the unit is working effectively   Color Family:White 15"
346,70,Anonymous,N/A,alhamdolillah mobarak g   Color Family:Antique White 1
347,70,Anonymous,N/A,Cooling Power:very nice  Color Family:Antique White 0
348,70,Anonymous,N/A,Cooling Power:awesome    Color Family:Antique White 0
349,71,Anonymous,N/A,delivered. Alhamdulillah  Color Family:Antique White 0
350,71,Anonymous,N/A,"delivery was delayed from the committed timeline.   The unit was defective.  Dawalance service technician incompetent and unable to repair the unit.   Subsequently, the defective part was replaced by dawlance and the unit is working effectively   Color Family:White 15"
351,71,Anonymous,N/A,alhamdolillah mobarak g   Color Family:Antique White 1
352,71,Anonymous,N/A,Cooling Power:very nice  Color Family:Antique White 0
353,71,Anonymous,N/A,Cooling Power:awesome    Color Family:Antique White 0
354,72,Anonymous,N/A,bht zabardast 🔥🔥👍 Color Family:Antique White 1
355,72,Anonymous,N/A,"highly recommend, fast delivery, product received before the expected date of delivery, everything is included, and got it installed, so far working fine. suitable for those who are more concerned about electricity usage, and have a small well insulated room, Color Family:White 1"
356,72,Anonymous,N/A,"package was safely packed and delivered on time. dealer provided me with full accerssories, only one filter was missing. Results are unexpected, i was bit doubtful about cooling, but AC is working very well even on 2nd floor. I am glad that i made this purchase and dealer delivered exactly what they showed. 👍 Color Family:White 2"
357,72,Anonymous,N/A,"Build quality is not as good as that of Haier. Screws are not zinc galvanized, but only painted with silver color. Company installers are not very well trained. Indoor unit is not firmly fixed, with a gap between the wall and the unit.  Color Family:Antique White 0"
358,72,Anonymous,N/A,Cooling Power:Average  Energy Efficiency:Poor  Noise Level:Excellent  This AC is not meant to chill the room. This makes the room just comfortable. At this price and capacity it's a fair product by Dawlance. AC was delivered late due to Eid but installation was done on the same day. Excellent response by the team.   Color Family:Antique White 0
359,73,Anonymous,N/A,"I have opened the box but it is not installed yet as it is winter but I'm disappointed because the fins of the outer also inner unit are pressed on some spots, here are some pictures attached  Color Family:Antique White 0"
360,73,Anonymous,N/A,Everything is perfect just worried because of electricity consumption Amp 5.6  I have pel inverter Ac 1 ton running on 3.1 Amp Cooling is good my room size is 11*11 Seller response is good. Color Family:White 2
361,73,Anonymous,N/A,Cooling Power:Average not high  Energy Efficiency:normal  Noise Level:good  I recommend 1 Ton or 1.5 Ton not 0.75   Color Family:Antique White 0
362,73,Anonymous,N/A,Bhtt Zabardast 💥💯 Color Family:Antique White 1
363,73,Anonymous,N/A,zabardast he Color Family:Antique White 1
364,74,Anonymous,N/A,delivered on time ...riders were too good ....packing was morvelous each and every part was intact...very please to get that one...let see how good it in cooling  Color Family:White 0
365,74,Anonymous,N/A,Bht awlaaa... Har chiz zbrdstttt... But remote thora slow hai overall bht acha hai 👍👍👍 Color Family:White 0
366,74,Anonymous,N/A,Good experiences. Thanks. Good price and energy saving  Color Family:White 0
367,74,Anonymous,N/A,"value for money but its cooling is not sufficient for small room, dimensions attached.  Color Family:Antique White 0"
368,74,Anonymous,N/A,very happy with purchase.also it's very energy efficient.....use on gen mode mostly...12×12 room size .  Color Family:Antique White 0
369,75,Anonymous,N/A,zabardast chez hy bhai 10×10 ky room ky liye best hy mujhy bohot pasand aya  Color Family:White 0
370,75,Anonymous,N/A,"Cooling Power:Excellent. I have installed it in my 300 sq ft top floor room and it cools the room well. Takes some time obviously but cools up the room.    Energy Efficiency:Seems good.    Noise Level:Very quiet.  Overall a feature-packed powerful AC with a backlit remote control. You can also lock the power consumption at 1, 2, or 3 amperes.  Color Family:Antique White 0"
371,75,Anonymous,N/A,dear sir back jali na rec hui plz help thanks baki ok hi. Color Family:White 1
372,75,Anonymous,N/A,"It’s good, instalation ki sab chezen included thi package mai. Remote k liay cell b thay 😋 Hawa ki throw b achi hai Cooling b thek hai 0.75 ton k hisaab se Color Family:White 5"
373,75,Anonymous,N/A,"There is no pipe to intall this AC for connecting outer with inner, what nonsence is this? My time is totally wasted. Is this you level of services?  Color Family:White 11"
374,76,Anonymous,N/A,pleasant shopping experience with dawlance 😊 Color Family:سفید 0
375,76,Anonymous,N/A,Bhai koi b ye ac na purchas kray ye bht amp leta hai or 1.5 ac k amp le rha hai 8 amp leta hai ye ac or bht he bakwass cheez hai Itne amp 2 ton ka ac leta hai jitne amp ye le rha hai.. Color Family:White 9
376,76,Anonymous,N/A,Buht buht acha ha alhamdulillah jasa odar Kiya tha wasa he Aya bilkul thek sab Kuch Sahi ha parking b achi the safely mil gaya humy I am so happy thanks daraz thanks salar highlights recommend  Color Family:Antique White 0
377,76,Anonymous,N/A,"good machine works fine so far, I have installed it in a relatively small room. the company advertised it as .75 ton not sure how it affects the electric bill. consignment arrived timely. satisfied with the purchase. Color Family:Antique White 0"
378,76,Anonymous,N/A,"I Really want to appreciate Dawalance and Daraz both... Dawalance for providing best Inverter AC at best competitive price with best cooling..  Daraz for shipping the AC before committed time. In this humid season, this AC is nothing but God mercy :) Color Family:Antique White 0"
379,77,Anonymous,N/A,pleasant shopping experience with dawlance 😊 Color Family:سفید 0
380,77,Anonymous,N/A,Bhai koi b ye ac na purchas kray ye bht amp leta hai or 1.5 ac k amp le rha hai 8 amp leta hai ye ac or bht he bakwass cheez hai Itne amp 2 ton ka ac leta hai jitne amp ye le rha hai.. Color Family:White 9
381,77,Anonymous,N/A,Buht buht acha ha alhamdulillah jasa odar Kiya tha wasa he Aya bilkul thek sab Kuch Sahi ha parking b achi the safely mil gaya humy I am so happy thanks daraz thanks salar highlights recommend  Color Family:Antique White 0
382,77,Anonymous,N/A,"good machine works fine so far, I have installed it in a relatively small room. the company advertised it as .75 ton not sure how it affects the electric bill. consignment arrived timely. satisfied with the purchase. Color Family:Antique White 0"
383,77,Anonymous,N/A,"I Really want to appreciate Dawalance and Daraz both... Dawalance for providing best Inverter AC at best competitive price with best cooling..  Daraz for shipping the AC before committed time. In this humid season, this AC is nothing but God mercy :) Color Family:Antique White 0"
384,78,Anonymous,N/A,one of the best decision I've ever made this unit is amazing totally worth it cooling is amazing and the Dawlance team was really cooperative overall I'm satisfied  Color Family:Antique White 0
385,78,Anonymous,N/A,Installation ka kai din se kaha hua tha magar us main kafi din lagai dawalance ne. They should improve their go on call for Installation service. Otherwise so far so good. Color Family:Antique White 0
386,78,Anonymous,N/A,Unbelievable service by daraz and Dawlance Ordered on 7th june evening Delivered on 8th june afternoon Installation done on 9th june   Best service ever by daraz  Best of luck from your loyal customer  Happy purchase  Hope AC will work fine forever  Color Family:Antique White 0
387,78,Anonymous,N/A,100 % cooling good looking  best but small in size. less power usage. perfect for medium size room. max14×12 foot size room. Color Family:Antique White 0
388,78,Anonymous,N/A,Mashallah zabardast.. Bohat he pyaari AC hy.. Outdoor eska bohat chotta hy mgr Cooling es ki 1 ton walon se bi zyda hy.. NiC.. Thx Seller ..Thx Dawlance.. Color Family:Antique White 0
389,79,Anonymous,N/A,one of the best decision I've ever made this unit is amazing totally worth it cooling is amazing and the Dawlance team was really cooperative overall I'm satisfied  Color Family:Antique White 0
390,79,Anonymous,N/A,Installation ka kai din se kaha hua tha magar us main kafi din lagai dawalance ne. They should improve their go on call for Installation service. Otherwise so far so good. Color Family:Antique White 0
391,79,Anonymous,N/A,Unbelievable service by daraz and Dawlance Ordered on 7th june evening Delivered on 8th june afternoon Installation done on 9th june   Best service ever by daraz  Best of luck from your loyal customer  Happy purchase  Hope AC will work fine forever  Color Family:Antique White 0
392,79,Anonymous,N/A,100 % cooling good looking  best but small in size. less power usage. perfect for medium size room. max14×12 foot size room. Color Family:Antique White 0
393,79,Anonymous,N/A,Mashallah zabardast.. Bohat he pyaari AC hy.. Outdoor eska bohat chotta hy mgr Cooling es ki 1 ton walon se bi zyda hy.. NiC.. Thx Seller ..Thx Dawlance.. Color Family:Antique White 0
394,80,Anonymous,N/A,thanks 👍 daraz & Dawlance team.its a good experience with split mega t 10 very good cooling in 10*12 room once again thanks to all Color Family:Antique White 0
395,80,Anonymous,N/A,"Extremely fast delivery,  perfect product, Good cooling according to its size Overall value for money Free installation is a cherry on top  Color Family:Antique White 0"
396,80,Anonymous,N/A,Awesome service delivered in very next day when I order the AC. Safe and Fast delivery. Everything is available and perfect. I also recommend others.   Color Family:Antique White 0
397,80,Anonymous,N/A,"Excellent AC room size is 13.4 x 11 and its working perfectly. It came little late but it didn't disappoint. Ampere on temp 16 = 3.5 and drops to 1.5 ampere I guess 3-4 hours later. So, it's very energy efficient.  Color Family:Antique White 0"
398,80,Anonymous,N/A,"fully satisfied, received in 5 days , packaging was good also got free installation from dawlance , cooling is good , highly recommended Color Family:Antique White 0"
399,81,Anonymous,N/A,"On time delivery of my two units. Satisfied with the delivery, performance will be judged after installation. Color Family:Antique White 0"
400,81,Anonymous,N/A,i m sharing this review almost after 1.5 month and the ac is working good so far alhamdullillah not excellent i would say its cooling capacity is not apprpriate more than 10/12  room  so if anyone intending to acquire it for large area i must say it would not work efficiently  rest delivery was intact and free installation team was also professional and trained. Color Family:Antique White 0
401,81,Anonymous,N/A,"Received but not yet installed, when i use i will share my experience with you, overal all things are good.  Color Family:Antique White 0"
402,81,Anonymous,N/A,"Overall ,I am impressed by the quick delivery and services. All the parts inside the packaging is new and intact, Satisfied and  I highly recomend this seller. Color Family:Antique White 0"
403,81,Anonymous,N/A,Nice service time say phaly delivery mil gai next day he company parsons nay installed bhe Kar deya highly recommend  Color Family:Antique White 0
404,82,Anonymous,N/A,"On time delivery of my two units. Satisfied with the delivery, performance will be judged after installation. Color Family:Antique White 0"
405,82,Anonymous,N/A,i m sharing this review almost after 1.5 month and the ac is working good so far alhamdullillah not excellent i would say its cooling capacity is not apprpriate more than 10/12  room  so if anyone intending to acquire it for large area i must say it would not work efficiently  rest delivery was intact and free installation team was also professional and trained. Color Family:Antique White 0
406,82,Anonymous,N/A,"Received but not yet installed, when i use i will share my experience with you, overal all things are good.  Color Family:Antique White 0"
407,82,Anonymous,N/A,"Overall ,I am impressed by the quick delivery and services. All the parts inside the packaging is new and intact, Satisfied and  I highly recomend this seller. Color Family:Antique White 0"
408,82,Anonymous,N/A,Nice service time say phaly delivery mil gai next day he company parsons nay installed bhe Kar deya highly recommend  Color Family:Antique White 0
409,83,Anonymous,N/A,"On time delivery of my two units. Satisfied with the delivery, performance will be judged after installation. Color Family:Antique White 0"
410,83,Anonymous,N/A,i m sharing this review almost after 1.5 month and the ac is working good so far alhamdullillah not excellent i would say its cooling capacity is not apprpriate more than 10/12  room  so if anyone intending to acquire it for large area i must say it would not work efficiently  rest delivery was intact and free installation team was also professional and trained. Color Family:Antique White 0
411,83,Anonymous,N/A,"Received but not yet installed, when i use i will share my experience with you, overal all things are good.  Color Family:Antique White 0"
412,83,Anonymous,N/A,"Overall ,I am impressed by the quick delivery and services. All the parts inside the packaging is new and intact, Satisfied and  I highly recomend this seller. Color Family:Antique White 0"
413,83,Anonymous,N/A,Nice service time say phaly delivery mil gai next day he company parsons nay installed bhe Kar deya highly recommend  Color Family:Antique White 0
414,84,Anonymous,N/A,"On time delivery of my two units. Satisfied with the delivery, performance will be judged after installation. Color Family:Antique White 0"
415,84,Anonymous,N/A,i m sharing this review almost after 1.5 month and the ac is working good so far alhamdullillah not excellent i would say its cooling capacity is not apprpriate more than 10/12  room  so if anyone intending to acquire it for large area i must say it would not work efficiently  rest delivery was intact and free installation team was also professional and trained. Color Family:Antique White 0
416,84,Anonymous,N/A,"Received but not yet installed, when i use i will share my experience with you, overal all things are good.  Color Family:Antique White 0"
417,84,Anonymous,N/A,"Overall ,I am impressed by the quick delivery and services. All the parts inside the packaging is new and intact, Satisfied and  I highly recomend this seller. Color Family:Antique White 0"
418,84,Anonymous,N/A,Nice service time say phaly delivery mil gai next day he company parsons nay installed bhe Kar deya highly recommend  Color Family:Antique White 0
419,85,Anonymous,N/A,"On time delivery of my two units. Satisfied with the delivery, performance will be judged after installation. Color Family:Antique White 0"
420,85,Anonymous,N/A,i m sharing this review almost after 1.5 month and the ac is working good so far alhamdullillah not excellent i would say its cooling capacity is not apprpriate more than 10/12  room  so if anyone intending to acquire it for large area i must say it would not work efficiently  rest delivery was intact and free installation team was also professional and trained. Color Family:Antique White 0
421,85,Anonymous,N/A,"Received but not yet installed, when i use i will share my experience with you, overal all things are good.  Color Family:Antique White 0"
422,85,Anonymous,N/A,"Overall ,I am impressed by the quick delivery and services. All the parts inside the packaging is new and intact, Satisfied and  I highly recomend this seller. Color Family:Antique White 0"
423,85,Anonymous,N/A,Nice service time say phaly delivery mil gai next day he company parsons nay installed bhe Kar deya highly recommend  Color Family:Antique White 0
424,86,Anonymous,N/A,"On time delivery of my two units. Satisfied with the delivery, performance will be judged after installation. Color Family:Antique White 0"
425,86,Anonymous,N/A,i m sharing this review almost after 1.5 month and the ac is working good so far alhamdullillah not excellent i would say its cooling capacity is not apprpriate more than 10/12  room  so if anyone intending to acquire it for large area i must say it would not work efficiently  rest delivery was intact and free installation team was also professional and trained. Color Family:Antique White 0
426,86,Anonymous,N/A,"Received but not yet installed, when i use i will share my experience with you, overal all things are good.  Color Family:Antique White 0"
427,86,Anonymous,N/A,"Overall ,I am impressed by the quick delivery and services. All the parts inside the packaging is new and intact, Satisfied and  I highly recomend this seller. Color Family:Antique White 0"
428,86,Anonymous,N/A,Nice service time say phaly delivery mil gai next day he company parsons nay installed bhe Kar deya highly recommend  Color Family:Antique White 0
429,87,Anonymous,N/A,"On time delivery of my two units. Satisfied with the delivery, performance will be judged after installation. Color Family:Antique White 0"
430,87,Anonymous,N/A,i m sharing this review almost after 1.5 month and the ac is working good so far alhamdullillah not excellent i would say its cooling capacity is not apprpriate more than 10/12  room  so if anyone intending to acquire it for large area i must say it would not work efficiently  rest delivery was intact and free installation team was also professional and trained. Color Family:Antique White 0
431,87,Anonymous,N/A,"Received but not yet installed, when i use i will share my experience with you, overal all things are good.  Color Family:Antique White 0"
432,87,Anonymous,N/A,"Overall ,I am impressed by the quick delivery and services. All the parts inside the packaging is new and intact, Satisfied and  I highly recomend this seller. Color Family:Antique White 0"
433,87,Anonymous,N/A,Nice service time say phaly delivery mil gai next day he company parsons nay installed bhe Kar deya highly recommend  Color Family:Antique White 0
434,88,Anonymous,N/A,"On time delivery of my two units. Satisfied with the delivery, performance will be judged after installation. Color Family:Antique White 0"
435,88,Anonymous,N/A,i m sharing this review almost after 1.5 month and the ac is working good so far alhamdullillah not excellent i would say its cooling capacity is not apprpriate more than 10/12  room  so if anyone intending to acquire it for large area i must say it would not work efficiently  rest delivery was intact and free installation team was also professional and trained. Color Family:Antique White 0
436,88,Anonymous,N/A,"Received but not yet installed, when i use i will share my experience with you, overal all things are good.  Color Family:Antique White 0"
437,88,Anonymous,N/A,"Overall ,I am impressed by the quick delivery and services. All the parts inside the packaging is new and intact, Satisfied and  I highly recomend this seller. Color Family:Antique White 0"
438,88,Anonymous,N/A,Nice service time say phaly delivery mil gai next day he company parsons nay installed bhe Kar deya highly recommend  Color Family:Antique White 0
439,89,Anonymous,N/A,"On time delivery of my two units. Satisfied with the delivery, performance will be judged after installation. Color Family:Antique White 0"
440,89,Anonymous,N/A,i m sharing this review almost after 1.5 month and the ac is working good so far alhamdullillah not excellent i would say its cooling capacity is not apprpriate more than 10/12  room  so if anyone intending to acquire it for large area i must say it would not work efficiently  rest delivery was intact and free installation team was also professional and trained. Color Family:Antique White 0
441,89,Anonymous,N/A,"Received but not yet installed, when i use i will share my experience with you, overal all things are good.  Color Family:Antique White 0"
442,89,Anonymous,N/A,"Overall ,I am impressed by the quick delivery and services. All the parts inside the packaging is new and intact, Satisfied and  I highly recomend this seller. Color Family:Antique White 0"
443,89,Anonymous,N/A,Nice service time say phaly delivery mil gai next day he company parsons nay installed bhe Kar deya highly recommend  Color Family:Antique White 0
444,90,Anonymous,N/A,So classic cool.throw of fan is so  best.very nice experience.thanx draz and also dawlance  Color Family:Antique White 0
445,90,Anonymous,N/A,The seller is good. installation is not provided by the company.. courier service is fair  Color Family:Antique White 0
446,90,Anonymous,N/A,"excellent packing, safely delivered on time....good product quality worthy buying experience  Color Family:Antique White 0"
447,90,Anonymous,N/A,It's a Good air conditioner well packed got free installation. That was a Nice Experience  Color Family:Antique White 0
448,90,Anonymous,N/A,Its a good ac for small rooms. Discounted price 47.5k and zero shipping. Bought in May 2021. Recommended in this price. If someone has budget over 50 thousands plus then go for 1 ton. I hope it ll run good in full hot summer. Delivered in one whole week safe and secure. Do not buy if you room is bigger than recommended by seller Color Family:White 5
449,91,Anonymous,N/A,"Excellent in this price tag, suggestion to new buyer, please consider room size before purchasing this. Other than this each and everything is provided for installation. Shipping is good.  Color Family:Antique White 0"
450,91,Anonymous,N/A,Aoa to all. AC ha to acha but june ka months ma fit kro to patah chla ga. Ac Kasa ha.  Color Family:Antique White 1
451,91,Anonymous,N/A,Both outer and inner found in OK condition hopefully it will work after installation. Color Family:Antique White 0
452,91,Anonymous,N/A,Recieved in as advertised condition. Quick delivery.  Color Family:White 1
453,91,Anonymous,N/A,Excellent experience. Bought it a second time. very economical to use.  Color Family:Antique White 0
454,92,Anonymous,N/A,Recd my order Alhamdulillah it’s working really good thanks Daraz and Dawlance Color Family:Antique White 0
455,92,Anonymous,N/A,I am fully satisfied with this purchase. very economical on energy bill  Color Family:Antique White 0
456,92,Anonymous,N/A,very good experience to buy this economical unit. I am fully satisfied  Color Family:Antique White 0
457,92,Anonymous,N/A,Alhamdulillah received bohat acha hai cooling bhi achi hai recommended ❤️💕 رنگ:قدیم سفید 0
458,92,Anonymous,N/A,Received. Well packed. This product is good for a small room of 120 sq feet. Color Family:Antique White 0
459,93,Anonymous,N/A,Soo far soo good haven’t opened it as yet but look good. Thanks great price Color Family:Antique White 0
460,93,Anonymous,N/A,Vry nice cooling excellent working delivery and installation on time keep it up Color Family:Antique White 0
461,93,Anonymous,N/A,it's good..at a very good price .. Color Family:Antique White 0
462,93,Anonymous,N/A,"it's my Third Order 0.75ton Today install ,  Cooling Excellent , Depending on room 13×17 Fan Throw Excellent , Turbo Fan mode option . everything is working fine , sealed packed unit. fast delivery   Suggestion* Inverters ko direct 16 py chalana,  ya 26 py chalana it's not Good for Electricity bill. humesha ac ko 29 or 30 se Start kary aur jab room temperature 29 to 28 tak ajye beshak 27 tak ley jye , Inverters ko humesha room k hisab se temperature set kary. kuch logg 20 py ya 24 py 16 py chalty hai...  aur wo logg bil zada any ki complaints b kerty hai. Shakira  Color Family:White 11"
463,93,Anonymous,N/A,"Everything is perfect about this product, I am loving it. It's super cool, package and delivery was on time.  Working very good even on 24 in this hot weather. Color Family:White 0"
464,94,Anonymous,N/A,Soo far soo good haven’t opened it as yet but look good. Thanks great price Color Family:Antique White 0
465,94,Anonymous,N/A,Vry nice cooling excellent working delivery and installation on time keep it up Color Family:Antique White 0
466,94,Anonymous,N/A,it's good..at a very good price .. Color Family:Antique White 0
467,94,Anonymous,N/A,"it's my Third Order 0.75ton Today install ,  Cooling Excellent , Depending on room 13×17 Fan Throw Excellent , Turbo Fan mode option . everything is working fine , sealed packed unit. fast delivery   Suggestion* Inverters ko direct 16 py chalana,  ya 26 py chalana it's not Good for Electricity bill. humesha ac ko 29 or 30 se Start kary aur jab room temperature 29 to 28 tak ajye beshak 27 tak ley jye , Inverters ko humesha room k hisab se temperature set kary. kuch logg 20 py ya 24 py 16 py chalty hai...  aur wo logg bil zada any ki complaints b kerty hai. Shakira  Color Family:White 11"
468,94,Anonymous,N/A,"Everything is perfect about this product, I am loving it. It's super cool, package and delivery was on time.  Working very good even on 24 in this hot weather. Color Family:White 0"
469,95,Anonymous,N/A,Soo far soo good haven’t opened it as yet but look good. Thanks great price Color Family:Antique White 0
470,95,Anonymous,N/A,Vry nice cooling excellent working delivery and installation on time keep it up Color Family:Antique White 0
471,95,Anonymous,N/A,it's good..at a very good price .. Color Family:Antique White 0
472,95,Anonymous,N/A,"it's my Third Order 0.75ton Today install ,  Cooling Excellent , Depending on room 13×17 Fan Throw Excellent , Turbo Fan mode option . everything is working fine , sealed packed unit. fast delivery   Suggestion* Inverters ko direct 16 py chalana,  ya 26 py chalana it's not Good for Electricity bill. humesha ac ko 29 or 30 se Start kary aur jab room temperature 29 to 28 tak ajye beshak 27 tak ley jye , Inverters ko humesha room k hisab se temperature set kary. kuch logg 20 py ya 24 py 16 py chalty hai...  aur wo logg bil zada any ki complaints b kerty hai. Shakira  Color Family:White 11"
473,95,Anonymous,N/A,"Everything is perfect about this product, I am loving it. It's super cool, package and delivery was on time.  Working very good even on 24 in this hot weather. Color Family:White 0"
474,96,Anonymous,N/A,Soo far soo good haven’t opened it as yet but look good. Thanks great price Color Family:Antique White 0
475,96,Anonymous,N/A,Vry nice cooling excellent working delivery and installation on time keep it up Color Family:Antique White 0
476,96,Anonymous,N/A,it's good..at a very good price .. Color Family:Antique White 0
477,96,Anonymous,N/A,"it's my Third Order 0.75ton Today install ,  Cooling Excellent , Depending on room 13×17 Fan Throw Excellent , Turbo Fan mode option . everything is working fine , sealed packed unit. fast delivery   Suggestion* Inverters ko direct 16 py chalana,  ya 26 py chalana it's not Good for Electricity bill. humesha ac ko 29 or 30 se Start kary aur jab room temperature 29 to 28 tak ajye beshak 27 tak ley jye , Inverters ko humesha room k hisab se temperature set kary. kuch logg 20 py ya 24 py 16 py chalty hai...  aur wo logg bil zada any ki complaints b kerty hai. Shakira  Color Family:White 11"
478,96,Anonymous,N/A,"Everything is perfect about this product, I am loving it. It's super cool, package and delivery was on time.  Working very good even on 24 in this hot weather. Color Family:White 0"
479,97,Anonymous,N/A,Best product and Fast delivery 🚚 Thanks daraz and Thanks Seller picture installation k bad upload Kru gA. Color Family:Antique White 0
480,97,Anonymous,N/A,"Before time(within 2days) delivery. Efficiently packed and drop at door step. For me it was More than Good experience. Alhmdulillah... But my 3years old Doughter has concer "" Baba humara AC Pink colour main Q nahi hai"" ,😊. Color Family:White 7"
481,97,Anonymous,N/A,Good porduct Good packaging Delivery was on on time Color Family:Antique White 0
482,97,Anonymous,N/A,"Well packed timely delivered, nice design working well  Color Family:Antique White 0"
483,97,Anonymous,N/A,Timely delivered Everything is fine good for 12x10 room Color Family:Antique White 0
484,98,Anonymous,N/A,Best product and Fast delivery 🚚 Thanks daraz and Thanks Seller picture installation k bad upload Kru gA. Color Family:Antique White 0
485,98,Anonymous,N/A,"Before time(within 2days) delivery. Efficiently packed and drop at door step. For me it was More than Good experience. Alhmdulillah... But my 3years old Doughter has concer "" Baba humara AC Pink colour main Q nahi hai"" ,😊. Color Family:White 7"
486,98,Anonymous,N/A,Good porduct Good packaging Delivery was on on time Color Family:Antique White 0
487,98,Anonymous,N/A,"Well packed timely delivered, nice design working well  Color Family:Antique White 0"
488,98,Anonymous,N/A,Timely delivered Everything is fine good for 12x10 room Color Family:Antique White 0
489,99,Anonymous,N/A,it's my Second order sealed packed fast delivery seller communication Excellent  Color Family:White 0
490,99,Anonymous,N/A,that's ac was good quick response and delivery after 2 month use review de rhi hu thank you daraz and seller  Color Family:Antique White 0
491,99,Anonymous,N/A,Great discount by Daraz and service by Dawlence. The team came quickly and installed the AC. I installed it in a 11 x 14 room and the cooling is great. Color Family:Antique White 0
492,99,Anonymous,N/A,It was good experience with Daraz but a little problem installers don’t have 🪜 and one meter wire for circuit board  Color Family:Antique White 0
493,99,Anonymous,N/A,original product best cooling & price reasonable   Color Family:Antique White 0
494,100,Anonymous,N/A,A/c installed and working absolutely fine. Color Family:Antique White 0
495,100,Anonymous,N/A,good product  recommended best for 10x10 room Color Family:Antique White 0
496,100,Anonymous,N/A,Excellent Really appreciated Satisfied.... Color Family:Antique White 0
497,100,Anonymous,N/A,"good and economical choice,delivered on time Color Family:Antique White 0"
498,100,Anonymous,N/A,good pecking good quality good material  Color Family:Antique White 0
499,101,Anonymous,N/A,The best ac and the best cooling in low budjet Color Family:Antique White 0
500,101,Anonymous,N/A,great experience and excellent quality....♥️ Color Family:Antique White 0
501,101,Anonymous,N/A,Bhut he acha experience raha dawlance ky sath. Color Family:Antique White 0
502,101,Anonymous,N/A,"Delivery was fast...i didn't expect that product received in good condition,,will add further after installation and using the product  Color Family:Antique White 0"
503,101,Anonymous,N/A,بکواس ہے کوئی نہ لے پیسے ہی ضائع کیے ہیں   رنگ:قدیم سفید 0
504,102,Anonymous,N/A,"In short, I got the product on time as described so far. did not installed yet. After installation I Will add my updated review on performance. Thank you Daraz & seller  Color Family:White 0"
505,102,Anonymous,N/A,I had ordered 5 units Intotal through daraz.... But unfortunately one unit received was not new.... It was pre installed or a warranty claim repaired unit.... I took pictures of it the day it was installed on the 18th of Aug but since it was working fine therefore I thought I should not fall into additional Hessle of replacing it as it is installed at my farm house which is in the outskirts of Islamabad and is occasionally used.... Today after visiting the farm house after a few weeks the Ac has failed to operate and seems like it has leaked all the gas.... Now I'm sure this was a faulty repaired unit sent to me.... Very disappointing... I have lost the faith in online shopping.  Color Family:White 5
506,102,Anonymous,N/A,"On time delivery, good response on chat, great product. Much needed for a lot of potential buyers who are in need of air conditioners for small spaces. Currently this Ac is giving results of any 1 ton DC inverter AC.  Color Family:White 0"
507,102,Anonymous,N/A,بہترین پراڈکٹ، آزادی سیل میں لیا تھا ، فری ڈیلیوری اور ساتھ میں کوپن کی رعایت بھی ملی، بہت اچھا کام کر رہا ہے ، بجلی کی بچت بھی  Color Family:White 0
508,102,Anonymous,N/A,1 Was timely and safely delivered 2 size should be considered before buying 3 i preferred it because of warranty and cost  4 cooling is perfectly fine as per size  5 consumes 4.5 amps on full load reduces to 2 after the room is cool.  Color Family:White 0
509,103,Anonymous,N/A,Thanks Daraz and Thanks Dawlance it's my life first ac I am v.happy and nice cooling thank you once again Color Family:White 0
510,103,Anonymous,N/A,"Highly recommended, for small sized room such as (12'x10') or nearby it. Even you can operate it on 3kVA generator without any problem.  Good packing 3-4 days delivery timing No damage found No pcs missing  To be honest, This is awesome. Color Family:White 0"
511,103,Anonymous,N/A,"behtreen product and wonderful service, this is my third unit from daraz and i am very much satisfied.... i strongly recommend this AC specially for small room... observed outstanding performance beyond my expectations... thanks ddawlance and thanks daraz for giving us such platform to explore these useful household item. Color Family:White 0"
512,103,Anonymous,N/A,It was very well packed and delivered within time. No fault detected yet. This AC is best for 10x10 rooms if someone is looking for it Color Family:White 0
513,103,Anonymous,N/A,"very good product,!! package includes everything.... so happy to purchase this product... i strongly recommend this product. Color Family:White 0"
514,104,Anonymous,N/A,ordered dawlance 0.75 ton ac from daraz mall at quiet reasonable price. order was delivered within 2 days of purchase with all the accessories and well packed. thank you daraz team for working so hard and saving our time  Color Family:White 0
515,104,Anonymous,N/A,nicely packed delivered in 2 days.. everything is included..  cooling is good..  but for inverter benefit room size must not exceed the size defined by company  Color Family:White 0
516,104,Anonymous,N/A,"Guys, AC cooling is good but I highly doubt that its inversion kit functions properly. The AC normally takes 5ampere current and rarely comes down and hence taking ample power. Cooling is good but even after good cooling in room, the current does not come down.  I called dawlance technician and he has himself noticed all current values, checked position of sensor but all in vain.  Would rather recommend all to go for atleast 1ton inverter of Any other company like gree or pel or electrolux as I have these air conditioners of 1.5 ton and they operate at much lower current range.  My room size was 12x12. Cooling is good but inverter doesn’t work properly to bring current down. Dissatisfied:( Color Family:White 0"
517,104,Anonymous,N/A,"Overall good experience.  AC was scratchless, delivered on time. Works good on solar, consuming less than 1kw at peak. Dawlance installed the AC without charges, only took Rs. 1800 for stand. One drawback is it does not have heating option.  Color Family:Antique White 0"
518,104,Anonymous,N/A,Really good product in this price. The packing is nice and delivered well in time. Installation kit is also complete. Thanks Color Family:White 0
519,105,Anonymous,N/A,ordered dawlance 0.75 ton ac from daraz mall at quiet reasonable price. order was delivered within 2 days of purchase with all the accessories and well packed. thank you daraz team for working so hard and saving our time  Color Family:White 0
520,105,Anonymous,N/A,nicely packed delivered in 2 days.. everything is included..  cooling is good..  but for inverter benefit room size must not exceed the size defined by company  Color Family:White 0
521,105,Anonymous,N/A,"Guys, AC cooling is good but I highly doubt that its inversion kit functions properly. The AC normally takes 5ampere current and rarely comes down and hence taking ample power. Cooling is good but even after good cooling in room, the current does not come down.  I called dawlance technician and he has himself noticed all current values, checked position of sensor but all in vain.  Would rather recommend all to go for atleast 1ton inverter of Any other company like gree or pel or electrolux as I have these air conditioners of 1.5 ton and they operate at much lower current range.  My room size was 12x12. Cooling is good but inverter doesn’t work properly to bring current down. Dissatisfied:( Color Family:White 0"
522,105,Anonymous,N/A,"Overall good experience.  AC was scratchless, delivered on time. Works good on solar, consuming less than 1kw at peak. Dawlance installed the AC without charges, only took Rs. 1800 for stand. One drawback is it does not have heating option.  Color Family:Antique White 0"
523,105,Anonymous,N/A,Really good product in this price. The packing is nice and delivered well in time. Installation kit is also complete. Thanks Color Family:White 0
524,106,Anonymous,N/A,i have received my order within 24 hours! delivery was quick and i am satisfyed ! giving 5 star super fast delivery  Color Family:White 0
525,106,Anonymous,N/A,"Installed today, outer pipe was only 8 meter. Have to purchase big pipe 10 ft to complete Installation. On 24 Degree Temperature, the power consumption is constantly 6.5-6.8. Which is double then the printed values. Even my old 1 ton split AC taking 5.5 -6 Amp.  Not expected this from Dawlance Reliable Hai  Need a call from customer service to find out energy efficiency.  Final Review on Energy Consumption and Performance after 1 week of Installation. Color Family:White 3"
526,106,Anonymous,N/A,impressive performance in a 9x11 room. better built quality and very good customer services by dawlance. daraz rider was also very accommodating   and helpful. Color Family:Antique White 0
527,106,Anonymous,N/A,thank you so much very fast dilvery  Color Family:Antique White 0
528,106,Anonymous,N/A,Delivered safely & on time superb 👍 Color Family:Antique White 0
529,107,Anonymous,N/A,Excellent experience with daraz well quality product and also a delivery service is good. Color Family:White 0
530,107,Anonymous,N/A,timely delivered 👍👍👍👍👍 Color Family:Antique White 0
531,107,Anonymous,N/A,delivery time was reasonable however free installation was super fast that was done in a day or two Color Family:Antique White 0
532,107,Anonymous,N/A,"Fast delivery, same day installation- they charged me for  the panels on which the air outer stands.  Color Family:Antique White 0"
533,107,Anonymous,N/A,It was my second AC . Last year I bought one for bedroom and it was wonderful. This year I bought second one for living room .  Color Family:Antique White 0
534,108,Anonymous,N/A,"The cooling is very good, better than expected, and is best for a 13x13 room. The power rating mentioned is the same. The only issue is that the material is of low quality. The plastic is lightweight, and so are the wires, including the mounting stand. Note: Installation is not included by Dawlance. Color Family:Antique White 0"
535,108,Anonymous,N/A,Delivered on time. Product Is In Good Condition as Mentioned By seller. Recommend to buy  Color Family:White 1
536,108,Anonymous,N/A,"Product is very very good. Good looks. Excellent cooling. i was afraid that 0.75 ton might be not enough for my 13x11 room, which was bigger than recommended. but the cooling is super cool. Air through is also very good on turbo mode. maximum speed is also fine. Package came earlier than expected and with good packing. Faced only two problems. It was not inverting even after 2 hours of continuous use on turbo mode. than i called support guy who came next day. he changed the position of indoor and outdoor sensors and after that now inverting in just half hour. and running on 1.5 to 2.3 amp range after inverting (depending on weather). and even sometimes works on .9 amp in after 3 4 hours. which is v v good. Happy with the purchase. Thanks Dawlance for great product with great product support. But sensors issue must not come because most of people don't check it weather its inverting or not. pics attached. One last thing i cant found the option to check room temperature in remote. Color Family:White 46"
537,108,Anonymous,N/A,Satisfied! Color Family:Antique White 0
538,108,Anonymous,N/A,Excellent product zero damage and fast delivery. and plus point Ramadan deal. Color Family:Antique White 0
539,109,Anonymous,N/A,"The cooling is very good, better than expected, and is best for a 13x13 room. The power rating mentioned is the same. The only issue is that the material is of low quality. The plastic is lightweight, and so are the wires, including the mounting stand. Note: Installation is not included by Dawlance. Color Family:Antique White 0"
540,109,Anonymous,N/A,Delivered on time. Product Is In Good Condition as Mentioned By seller. Recommend to buy  Color Family:White 1
541,109,Anonymous,N/A,"Product is very very good. Good looks. Excellent cooling. i was afraid that 0.75 ton might be not enough for my 13x11 room, which was bigger than recommended. but the cooling is super cool. Air through is also very good on turbo mode. maximum speed is also fine. Package came earlier than expected and with good packing. Faced only two problems. It was not inverting even after 2 hours of continuous use on turbo mode. than i called support guy who came next day. he changed the position of indoor and outdoor sensors and after that now inverting in just half hour. and running on 1.5 to 2.3 amp range after inverting (depending on weather). and even sometimes works on .9 amp in after 3 4 hours. which is v v good. Happy with the purchase. Thanks Dawlance for great product with great product support. But sensors issue must not come because most of people don't check it weather its inverting or not. pics attached. One last thing i cant found the option to check room temperature in remote. Color Family:White 46"
542,109,Anonymous,N/A,Satisfied! Color Family:Antique White 0
543,109,Anonymous,N/A,Excellent product zero damage and fast delivery. and plus point Ramadan deal. Color Family:Antique White 0
544,110,Anonymous,N/A,"The cooling is very good, better than expected, and is best for a 13x13 room. The power rating mentioned is the same. The only issue is that the material is of low quality. The plastic is lightweight, and so are the wires, including the mounting stand. Note: Installation is not included by Dawlance. Color Family:Antique White 0"
545,110,Anonymous,N/A,Delivered on time. Product Is In Good Condition as Mentioned By seller. Recommend to buy  Color Family:White 1
546,110,Anonymous,N/A,"Product is very very good. Good looks. Excellent cooling. i was afraid that 0.75 ton might be not enough for my 13x11 room, which was bigger than recommended. but the cooling is super cool. Air through is also very good on turbo mode. maximum speed is also fine. Package came earlier than expected and with good packing. Faced only two problems. It was not inverting even after 2 hours of continuous use on turbo mode. than i called support guy who came next day. he changed the position of indoor and outdoor sensors and after that now inverting in just half hour. and running on 1.5 to 2.3 amp range after inverting (depending on weather). and even sometimes works on .9 amp in after 3 4 hours. which is v v good. Happy with the purchase. Thanks Dawlance for great product with great product support. But sensors issue must not come because most of people don't check it weather its inverting or not. pics attached. One last thing i cant found the option to check room temperature in remote. Color Family:White 46"
547,110,Anonymous,N/A,Satisfied! Color Family:Antique White 0
548,110,Anonymous,N/A,Excellent product zero damage and fast delivery. and plus point Ramadan deal. Color Family:Antique White 0
549,111,Anonymous,N/A,Very well packed 👌🏻 delivery was a bit late but maybe that was due to Eid.  Color Family:Antique White 0
550,111,Anonymous,N/A,description was not well defined.. AC costs so good but cools so bad.. 🥲 Color Family:Antique White 1
551,111,Anonymous,N/A,The AC not working fine. I have just received it today and got started it. The blower is also making noise. Very very bad quality. Lid is also not closing properly.  Color Family:White 4
552,111,Anonymous,N/A,buhat hi best product he har chez thk he per delivery buhat sust he mere dost me mangwaya tha usko jaldi racived hogya lekin mujhe lait Mila  Color Family:Antique White 0
553,111,Anonymous,N/A,Buhat zabardast services highly recommended out class performance Ac Color Family:Antique White 0
554,112,Anonymous,N/A,Highly frustrating ! installed the ac after paying the amount and now the ac shows inverter card error. Very poor service by daraz no satisfactory response from their helplind Color Family:Antique White 2
555,112,Anonymous,N/A,"great service dawlance ,, I have got my order the very next day ,,what a service ,, highly appreciated 👍 recommended to all Color Family:Antique White 0"
556,112,Anonymous,N/A,Great quality great cooling n excellent delivery it's my  4th ac from daraz I'm 100 % satisfied thanx to daraz n thanks to dawlance company too recommend 100%  Color Family:Antique White 0
557,112,Anonymous,N/A,thank you seller and daraz . got little late but worth it . v good cooling and discounted price from market . thank you v much daraz and also seller. recommend 💯 Color Family:White 0
558,112,Anonymous,N/A,"Bad experience , official store se bhi ye masle hen.   First issue is they didn't send back grill.  Second issue is ke same size ke donon pipe bhej diye.  daraz support says ke Dawlance helpline pe raise Karen. Helpline walon ne bus request submit Karli, Two weeks hone wale, koi update nh he.  Not Recommended   Color Family:Antique White 3"
559,113,Anonymous,N/A,"I ordered a Dawlance AC on 28th May. The promised delivery date was 4th June. Despite several follow-up calls, I received the AC on 14th June.  After that, I kept requesting the Dawlance team for installation. They finally came after 4 days. Shockingly, the team came without any Dawlance uniforms which raised serious concerns about their professionalism.  instead of proceeding with the installation, they said, “Sell us this AC, which was completely inappropriate and unprofessional.  When the AC was finally installed, they demanded Rs. 2000 as an installation fee. I informed them that the installation was supposed to be free, but they argued and eventually took Rs. 1000 from me without giving any receipt.  Their customer service and maintenance team were completely unprofessional and disorganized. The whole experience was frustrating and stressful. I regret not choosing another brand, especially after being unfairly charged for a service that should have been free. 😒  Color Family:قدیم سفید 3"
560,113,Anonymous,N/A,Received my order timely and got free installation too from Dowlance.  Satisfying services and product. thumbs up 👍  Color Family:Antique White 0
561,113,Anonymous,N/A,"installation team were very non professional and untrained people, I don't know that this AC will work or not ,,,,,,,,,, they don't care about finishing just Kam Chalo Wala kaam karty Hain aur na ee Kisi ki sunty Hain aaap ko bolon gy k pipe ki length choti hai aur la k ao aur stand b Jo k Boht mehnga da rahy thy  Color Family:Antique White 0"
562,113,Anonymous,N/A,"Fast delivery and I'm still waiting for the Dawlance technician to install the AC After that, I'll review the product. Thanks, Daraz DEX, for the quick delivery.  Cooling Power:10  Energy Efficiency:10  Noise Level:10  Color Family:Antique White 0"
563,113,Anonymous,N/A,Cooling Power:good for a normal room  Energy Efficiency:gen mode is very helpful for save energy  Noise Level:very low noise   Color Family:Antique White 0
564,114,Anonymous,N/A,Very diappointed after 10 calls agent repeatedly show wrong number of installer. I dont understand stand why  Color Family:Antique White 1
565,114,Anonymous,N/A,Received order on time. And in this price range is best quality. And working good.  Cooling is good  Color Family:Antique White 0
566,114,Anonymous,N/A,product is good i bought  it on azadi sale only in 47k. Nicely packed Nd seller tremendously responded on chat helped me a lot for invoice because it wasn't with the box Nd very very cooperative I personally 💯 recommend this seller..  Color Family:White 0
567,114,Anonymous,N/A,Great product I perchez it seven time recommend 100 percent it takes only 2 or 3 amp on Gen mode n chill room with in 10 minutes   Color Family:Antique White 0
568,114,Anonymous,N/A,"Cooling Power:very good despite a small size   Energy Efficiency:Gen mode is excellent it consume 2A with turbo mode and than gradually decreases to 1.5 A after maintaining temperature ,good value for money in room size 12x12   Noise Level:mostly quiet   Color Family:Antique White 0"
569,115,Anonymous,N/A,Cooling Power:excellent for my 10'x12' room. ceiling 9'.  Noise Level:very quiet. excellent build quality.   Color Family:Antique White 0
570,115,Anonymous,N/A,"Dawlance AC Mega T+ 10 DC Inverter 0.75 Ton ٹی سی ایس کے ذریعے موصول ہوگیا ہے، مگر انکی سپورٹ ٹیم اور ٹیکنیکل ٹیم کی کارکردگی انتہائی ناقص ہے، ایک ہفتہ ہو رہا مگر ابھی تک اے سی کی انسٹال نہیں ہوا، روز ہی ان کی ٹیکنیکل ٹیم میں سے کسی کا فون آتا ہے کہ ہم اے سی انسٹال کرنے صبح آ رہے ہیں، دوپہر کو آ رہے، شام کو آ رہے ہیں مگر نا آنا تھا نا ابھی تک آئے ہیں۔ اب دیکھتے ہیں مزید یہ کتنے دن لیتے ہیں انسٹال کرنے میں۔   The Dawlance AC Mega T+ 10 DC Inverter 0.75 Ton was delivered successfully through TCS, but their support and technical team performance has been extremely disappointing. It has been a week already, and the AC is still not installed. Every day, someone from their technical team calls and says they will come for installation in the morning, afternoon, or evening, but no one actually shows up. Now let’s see how many more days they take to complete the installation. Color Family:Antique White 1"
571,115,Anonymous,N/A,v nice its work well my room size 12×7 well paked by seller and tcs too good delivery on time I satisfied all of you and dawlance sprinter 10 is to good 👍 consumption is first 5.7 to last was 2.0 that's good MashahAllah nice product  Color Family:White 0
572,115,Anonymous,N/A,AC had received to me the day before yesterday but no installation team has reached yet even though that they assured the team will reach within 24 hours after booking free split installation.  Now this AC is useless until and unless it has been installed. how could I place the performance review right now?  Color Family:Antique White 0
573,115,Anonymous,N/A,"The build quality is excellent, the installation process is fast, and the professional team handles everything with great care. Color Family:Antique White 0"
574,116,Anonymous,N/A,best Quality hay bus Price kay hisab say Theek hay 19 C temperature kam nahi kartha baki sab Theek hah   Color Family:Antique White 0
575,116,Anonymous,N/A,Fastest delivery received before estimated delivery date Dawlance 0.75 ton inverter heat & cool AC is highly recommend for energy saver and best for a small room then 1 ton inverter AC. Color Family:White 0
576,116,Anonymous,N/A,27 May ko deliver hoa after 10 days of Order .. or Installation k bad sey chala nahe hy . 3 bar Dawlance k technical staff ney visit kia aik to un k pas Cerhi nahe hoti office furniture k oper charh k indoor and outdoor unit ko theak karny k koshish karty hain . or us k elawa abhi tak Unit chal nahe saqa . they said PCB card kharab hy ... new ay ga karachi sey or is bat ko b Aik Hafta ho chuka hy   Color Family:Antique White 1
577,116,Anonymous,N/A,"The product is of fine quality but the worst experience with the installation team. Highly kaam chor thy, first misguided me to return the product because of the room size issue but when I said that Daraz has no policy for return so kindly install my unit. They said they will come tomorrow and finally after passing a few days that day comes and is installed. Now you can see how professionally they install the outdoor unit. The water is consistently dropping and the angel is down from the right side. I have highlighted it in my picture. # Dawlance needs to improve service quality with products. Customer satisfaction should be mandatory after selling the product.  Color Family:Antique White 0"
578,116,Anonymous,N/A,haven't installed it yet.  No one is coming from dawlance for installation. Have called the helpline several times.   Color Family:Antique White 0
579,117,Anonymous,N/A,Behtreen Service by daraz and dawalance mein kiya neighbour bhi khush horhay thye jab aya awesome packing thi order delivered in 2 Days 10×10 room cooling good checked in 39c  Color Family:White 0
580,117,Anonymous,N/A,"Very bad experience. AC compressor shut down and  shows E8 and F2 errors within few mins after first time switching ON.   Dawlance instalation team is not aware of this error and unable to fix it.   Moreover, AC flpper is twisted as its shown in pics.  very dissappointed.  Color Family:Antique White 1"
581,117,Anonymous,N/A,"The official Dawalence services were acquired to install this AC and the technician came after 2 days. After installation AC didn't work because 2 jacks were not plugged in. imagine what the product quality will be, if the product is not assembled completely at the factory.  After all, the so called  ""company technician"" said my senior technician will come and plug-in these .  now it's been two more days passed and no technician came when called again on the helpline, there  response is so pathetic and unprofessional.   very very poor Dawalence after sales service.   So, ""think before you buy Dawalence"" and if once purchased "" keep praying that your product is manufactured properly"" then keep praying"" you do not require after sales service"".  Color Family:Antique White 6"
582,117,Anonymous,N/A,parcel to a gaya ha but koi lagany nai aya abhi tak naw hi contact kiya ha or parcel open b nai karwaya hum sy   Color Family:Antique White 0
583,117,Anonymous,N/A,"Cooling Power:Nice cooling in a 150 sq ft bed room  Energy Efficiency:Taking around 800watt after 3 hours.  Noise Level:Almost silent.   Shipping through TCS, Karachi to Lahore took 9 days, Disappointed !   Color Family:Antique White 1"
584,118,Anonymous,N/A,packing is good just received I will give full review after installation...   after using one week I am totally satisfied with it's performance... it's working great in my 10*10 room...  Color Family:Antique White 0
585,118,Anonymous,N/A,bhot Acha bhot pyari chez he mujhy bhot pasand ai bijli ki bachat he colling bhot achi he bhot munasib peso me bhot brya chez he I like you    Color Family:Antique White 0
586,118,Anonymous,N/A,"Very good product, we are satisfied with it, delivered very quickly and safe,  recommendation 10 /10.   Color Family:Antique White 0"
587,118,Anonymous,N/A,Fantastic service... Everything included in package... Good experience after buying something expensive. The AC is great good design. Color Family:White 0
588,118,Anonymous,N/A,5 June ko mughse yeh galti hogai ke meine Dawlance se ac mangwaliya agr yehi ac Kisi AUR company se mangwaya hota tu ab tak installation hojati 11 din hochuke Hain esko mere paas deliver hoye installation ho hi nhi rhi Dawlance ki Janib se bhot hi poor helpline facility bhi hai aur bhot hi bekaar installation  facility provide ki jarhi hai helpline number par bar bar Bewakoof banadete hain  Color Family:Antique White 1
589,119,Anonymous,N/A,"working awesome, great saving a well, golden fins  recommended for everyone, now waiting for e- invoice Color Family:White 0"
590,119,Anonymous,N/A,ac k outer ki jali me yh defect h installation team ne b kch nhi bataya install krdia mujhe yh outer exchange krwana h .kindly help asap  Color Family:Antique White 0
591,119,Anonymous,N/A,Well packed. Deliver on time. just one issue that is 4years PCB warranty doesnot mentioned anywhere on package or warranty card documents. only 1 year parts warranty as mentioned on warranty card. otherwise 100% satisfied must recommended for smaller rooms.  Color Family:White 0
592,119,Anonymous,N/A,Sorry To Say This is First & Last Experience For Me Because Yours Technicians Came For Ac Fitting Rudely Behaviour With My Family And Taken 1000 Rupees For Fitted Outdoor Unit  Not Free installation   Color Family:Antique White 1
593,119,Anonymous,N/A,"compressor ki back side ki grill hi nahi h, jbky youtube pay b dekha unboxing me grill h aur yahan pay kisi ne review me pocture upload ki h us me b grill h, mera indoor unit me dawlace ka top left pay jo sticker h wo b nahi tha, I thinki mujhy used AC ya returned product ya repair product di hai, complain krny pay koi action nhi h aur daraz chat pay toh attitude hi khtm nhi hotay h, kisi baat ka reply nahi krty   Cooling Power:cooling is not good, my room size is 10x10 but still it's not cooling properly  Energy Efficiency:takes more ampere as compare to tcl 1 ton Ac  Noise Level:normal h noise   Color Family:Antique White 0"
594,120,Anonymous,N/A,AC unit received timely and team also reached very next day but very very pathetic and unprofessional team n install kia unit na koi saman . Ac fit kia or jany lagy m n Kaha Bhai on kr k check to kro kehty hmara Kam nai ha hm n bs install krna tha or JB on kia to no any cooling then team said company ko call kren .......third class behavior.  Color Family:Antique White 1
595,120,Anonymous,N/A,received this but no one came for installation and it was mentioned that installation is free of cost by company  Color Family:Antique White 0
596,120,Anonymous,N/A,Cooling Power:good for 10*11 size room  Energy Efficiency:yes energy efficient  Noise Level:no noise   Color Family:Antique White 0
597,120,Anonymous,N/A,"nice product for a smaller room. it's my 3rd purchase of the same model. delivery was late, but that's ok.  Color Family:Antique White 0"
598,120,Anonymous,N/A,بہترین اے سی ہے۔ دو سے تین دن ہوئے ہیں کمرے میں لگایا ہے۔ 12 فٹ کا کمرہ ہے۔ لیکن اس میں بھی یہ اے سی بہترین کام کر رہا ہے۔ Color Family:Antique White 1
599,121,Anonymous,N/A,I got this product within time and well packed. Using it since June. I am totally satisfied with it and would recommend to others. My room size is 17*5.5 so it is perfect for this size of room. Only negative is sluggish response of remote. It takes couple of seconds for ac unit to respond but it can be ignored due to good performance.  Color Family:White 0
600,121,Anonymous,N/A,"Highly recommend, seller , delivery service and installation team was very cooperative  installation is completed in one call only Its really amazing    Color Family:Antique White 0"
601,121,Anonymous,N/A,"Noise Level:9  Energy Efficiency:10  Cooling Power:6   I'm using this for more than a week ,its not for chilling the room but pretty effective in maintaining the sophisticated room temperature.  Gen mode is good,if you want to run this for whole night.  Color Family:Antique White 0"
602,121,Anonymous,N/A,What a ac n cooling amazing dawlance 0.75 ton ac yr Kamal ki cheese he Mera ye daraz se 6 ac he all the ac r cooling perfectly this is the latest model ap is ko 1000 we pe by chala sakty hen or 800 we 600 wa or 400 watt pe bhi Mera 12  14 ka room he or men isy 3a pe chalata hon zabardast cooling hoti he 100%satisfied thanx to dawlance thank to daraz   Color Family:Antique White 0
603,121,Anonymous,N/A,Zabardast cheez hai.throw bhi achi hain cooling bhi fit karta hai. 10 x 10 k kamre k liye behtreen hai.  Color Family:White 0
604,122,Anonymous,N/A,"I bought and installed two of these and literally if you know what it is and how to use it, you WILL 100% appreciate it.   Energy Efficiency:Excellent  Cooling Power:Excellent on Gen Mode OFF  Noise Level:Zero  Color Family:Antique White 0"
605,122,Anonymous,N/A,"Cooling Power:  not so good but ok for the 11x10 room size.  Energy Efficiency:  not tested yet  Delivered before time, Outdoor unit grill is missing from Dawlance.  Free installation:  Dawlance sent local unprofessional AC fitter for installation, they damaged the outdoor unit fins and they don’t even know how to put the outdoor angles on the wall.  On complaint they sent another team of local vendors who try to repair fins with the screw driver. Very unprofessional and disgusting installation service from Dawlance.  Honest opinion: Do not go with Dawlance free installation if you have any better AC technician.  Color Family:Antique White 0"
606,122,Anonymous,N/A,Installation service bht Bure hy company sy Jo technician aaey thy wo company k lg he nh rhy thy na he unko kaam krna aarha tha. or na he unhony company ki koi tee shirt wagera pehni hue the  ghar sy choron ki tarhan chup chap Nikal gaey or jb call ki k kaam chor kr chaly gaey hum company my complain krdengy to kaha han krdi jaa Nikal... itni bari company hy itna bara brand hy or kaam krny log kesy rkhy huay hain inhony. indoor unit k wire bhi aagy peechy lga kr chaly gaey. fix bhi nh kia kch or bhag gaey   Color Family:Antique White 0
607,122,Anonymous,N/A,ماشاءاللہ بہت اچھا اے سی ہے ایک چھوٹے روم کے لیے فاسٹ ڈیلوری اچھی پیکنگ اور بہترین حالت میں موصول ہوا شکریہ دراز شکریہ ڈاولینس ہوم ڈیلیوری نہیں ملی بلکہ ٹی سی ایس آفس سے اپنے خرچ پر لانا پڑا ہے Color Family:White 0
608,122,Anonymous,N/A,"ultrafast delivery. Had it installed yesterday for my small office,  about 150 sq ft. Cooling is perfect. Power consumption is minimal as mentioned. You cannot go wrong with Dawlance.  I am already using four Dawlance Invertor ACs at my residence. Never had an aftersales issue. Bravo Dawlance..  Color Family:Antique White 0"
609,123,Anonymous,N/A,very good ac cooling is good and energy efficient and 10 years warranty for compressor I am satisfied  Color Family:Antique White 0
610,123,Anonymous,N/A,Excellent product excellent cooling energy 3ap only 100 percent satisfied it is my 7nth ac from daraz thanks to daraz and thanks to dawlance too n free installation boys r very honest n professional   Color Family:Antique White 0
611,123,Anonymous,N/A,"❌ ABSOLUTE NIGHTMARE! DO NOT WASTE A SINGLE PENNY ON THIS TRASH COMBO!  Buying an AC from Daraz was the absolute biggest mistake of my life, and choosing Dawlance was the second. Together, Daraz and Dawlance form the ultimate ""worse combo"" of fraud and incompetence. If you want to throw your hard-earned money down the drain and humiliate yourself, only then go ahead and order this. We have been mentally tortured and humiliated just trying to get a basic installation. We are completely exhausted from calling their customer support repeatedly. Every single time you call, their brainless agents repeat the exact same scripted lie, I have forwarded your complaint. You will receive a callback within 30 minutes. Let me tell you, THAT 30 MINUTES NEVER COMES. It is a total scam to get you off the phone. Dawlance has the most pathetic, third-class customer service in existence. They do not care about their customers once the product is sold. They will NEVER come to install your AC. You will end  Color Family:Antique White 3"
612,123,Anonymous,N/A,"Cooling Power:its great powerful for small houses like 2.5 marla to maximu 5 marla house.  Energy Efficiency:maximum ampere is 4.5A which is half from the 1 ton inverter which take almost 7-8A.  Noise Level:no noise Alhamdullillah   overall efficiency, packing, delivery, installation everything is very satisfied and timely... thanks  Color Family:Antique White 0"
613,123,Anonymous,N/A,Energy Efficiency:excellent  Cooling Power:power full cooling  i have bought 2 pieces m happy with the purchase  Color Family:Antique White 0
614,124,Anonymous,N/A,Cooling Power:very good   Energy Efficiency:good   Noise Level:high   not bad good ac but this is cool only not heat and cool  Color Family:Antique White 0
615,124,Anonymous,N/A,"Masha Allah! The Dawlance AC is excellent in quality. Very fast and timely delivery by Daraz. Now just waiting for the installation to complete the experience. Heartfelt thanks to Daraz, Dawlance, and the courier team. Jazak Allah Khair!  Color Family:Antique White 0"
616,124,Anonymous,N/A,dawlance ki dilevery aor installation sevis intahai bekar hay aor ghatya compny hay dawlance...  may nay 28 date ko order kia tha eid say phalay milna tha laykn eid k bad 11 date ko mila tha us k bad 15 date tk installation  team ka intzae kia phir b vo nhy ay..... end may private bnday say install kraya tha...  mera room 1st floor pr hay aor room 10/11 ka hay kamray may celling hay 3 side say cover hay room sirf ek side say dhoop prtee hay wo b 1 bjy k bad....  ac ki cooling bs guzara hay koi itne khas nhy hay jesa aor log bta rahay hain chill wesa kuch nhy hay... aor yea 5.2 amps  leay hay aor still 5 pr he rahata hay kam nhy krta chahay pora din he chalay still 5 amps...  mera mashwra yea hay k ap yea na lain dawlance 0.75 ap 1 ton laga lain wo behater option hay.... aor may kbe zindgi may dawlance ki koi cheez nhy lon ga may yea lay kr pachta raha hon...  Cooling Power:10/5  Energy Efficiency:10/6  Noise Level:10/10  Color Family:Antique White 0
617,124,Anonymous,N/A,pathetic customer service by Dawlance. they have committed for installation yesterday within 24 hours and nobody contacted even in more than 28 hours. Now one of the staff member is saying that the activities will start after 5 days.  Color Family:Antique White 0
618,124,Anonymous,N/A,package received and installed. all the components were complete. received well before time. the package was very packed. it's been working super cool till now. thank you for the services. Color Family:White 0
619,125,Anonymous,N/A,اےسی تو اچھا ھیے پر 12 ھزار بینک نے سروس چارجز لے لیے ھیں جبکہ دراز پے 6 ماہ کی اقساط پر بینک مارک اپ 0 پرسنٹ بتایا گیا تھا سب جھوٹ بولتے ھیں لفظوں کا ہیر پھیر ھیے اور کچھ نہیں۔ بہرحال ڈاولینس میری چوائیس تھی۔  Color Family:Antique White 0
620,125,Anonymous,N/A,Cooling Power:good   Energy Efficiency:very good   Noise Level:zero   Alhamdulillah ye mera dusra order tha bohat zabardast chez bnai ha Dawlance ny  Color Family:Antique White 0
621,125,Anonymous,N/A,This is my 10th ac from daraz 0.75 ton dawlance ac is the best zabardast cooling he in 12/12 room it consume only 3 amp on l 2 such me maza a Gia now I m going to purchase two more ac from daraz 100% recommend   Color Family:Antique White 0
622,125,Anonymous,N/A,Cooling Power: Awesome   Energy Efficiency:Great  Noise Level:Less    Wow very nice Product as always Dawlance reliable hay   Color Family:Antique White 0
623,125,Anonymous,N/A,"Very disappointing experience with Dawlance.  The support channels took far too long to coordinate and connect us with the installation team. After wasting almost the entire day waiting for the installation, we were shocked to find that the Air Conditioner’s outdoor unit had no gas at all, with the gauges showing 0 pressure. This level of negligence and poor quality control is completely unacceptable from a brand like Dawlance. The whole experience was frustrating, time-consuming, and highly unprofessional. I hope Dawlance takes this matter seriously and arranges an urgent replacement or immediate resolution. Customers expect much better service and reliability…..  Color Family:Antique White 2"
624,126,Anonymous,N/A,This is the best thing ever purchase from Daraz pk best value of money  it works very fine and cool down the room quick and easy   Color Family:Antique White 0
625,126,Anonymous,N/A,delivered on b4 time ... Highly recommended ....  I m using it in 12*12 room on ground floor  and it is working v v good   even in these days. Feeling chill 😊😊😊😊😊😊 ..    really Dawlance is reliable  Color Family:White 0
626,126,Anonymous,N/A,received today alhamdulillah.  installation kab hogi? dawlance ki taraf say? or warranty card bhi nhi hai.  plzz answer  Color Family:Antique White 0
627,126,Anonymous,N/A,very nice product pefect for small room 10×12  after use i am satisfied Right time delivery and installation in one day.   Color Family:Antique White 0
628,126,Anonymous,N/A,very good in relation to the price. However. The installer are dodgy and took 600 for just placing outer on stand that i already have purchased myself. Saying only thing which come out of box is free to install. This kind of local dealer should be banned to avoid damage name of company.  Color Family:Antique White 1
629,127,Anonymous,N/A,"Cooling Power:Excellent for small rooms  Energy Efficiency:Maximum Energy consumption is 1  around 1100w and minimum Energy consumption is around 450w when it locks at 2amp  Noise Level:Zero  Also they offered market competitive price, Satisfied from shopping with them.  Color Family:Antique White 0"
630,127,Anonymous,N/A,"Cooling Power:Good  Delivered on time, free installation within a day by dawlance. recommended for small rooms.  Color Family:Antique White 0"
631,127,Anonymous,N/A,received one of the best experience   Color Family:Antique White 0
632,127,Anonymous,N/A,Kamal ka ac he I have perchez 10th time from daraz 100 % satisfied thanx to thank to dawlance too   Color Family:Antique White 0
633,127,Anonymous,N/A,thanks u draz very good service and delivery service very good  Color Family:Antique White 0
634,128,Anonymous,N/A,love it ❤  Color Family:Antique White 0
635,128,Anonymous,N/A,Noise Level:   Easily installed but team didnt worked proper thats why ac is not working properly  Color Family:Antique White 0
636,128,Anonymous,N/A,Cooling Power:  efficient  Noise Level:  zero Energy efficient and best for room size 12*14 13*15  Color Family:Antique White 0
637,128,Anonymous,N/A,received good excellent performance low power consumption only 2Amp gen mode thanks good cooling  Color Family:Antique White 0
638,128,Anonymous,N/A,"amazing product in this price, works like 1 ton AC... accommodates 10×10 room very conveniently   Color Family:Antique White 0"
639,129,Anonymous,N/A,Next day a Very prompt delivery and split is working excellent Color Family:White 0
640,129,Anonymous,N/A,Package arrived in good condition but there were some patches on the boxes that were concerning. Installation of this tiny unit was simple and easy.  The performance is more than enough for a small room.  So far it is amazing bang for the buck and I will most certainly buy at least two more if it performs adequately in the upcoming months. 👍👍👍 Color Family:White 2
641,129,Anonymous,N/A,"Value for money, perfect for small rooms, satisfactory working, highly recommended. Delighted! Color Family:White 0"
642,129,Anonymous,N/A,Alhamdulillah it's awesome.. delivery was late but cheez achi agai..   Color Family:Antique White 0
643,129,Anonymous,N/A,zaberdast i recieved complete product without any dange.too coperative seller Color Family:Antique White 0
644,130,Anonymous,N/A,Excellent product. Same as described. Highly Recommended Color Family:White 0
645,130,Anonymous,N/A,Energy Efficiency：  Color Family:Antique White 0
646,130,Anonymous,N/A,mashahallah behtreen quality and nice thanx shopers and daraz aur good dilevery timing  Color Family:Antique White 1
647,130,Anonymous,N/A,Cooling Power:fantastic  Energy Efficiency:4ampere gen lock 2ampere  Noise Level:very low  Color Family:Antique White 0
648,130,Anonymous,N/A,Cooling Power:10/10  cooling  Energy Efficiency:10/10  Noise Level:no noise at all 10   Color Family:Antique White 0
649,131,Anonymous,N/A,i called dawlance for free installation n they are saying it is not under their flagship  Color Family:Antique White 1
650,131,Anonymous,N/A,5 Star for prompt delivery and product is excellent. Color Family:White 0
651,131,Anonymous,N/A,Vvip  Color Family:Antique White 0
652,131,Anonymous,N/A,Delivered on time and 100% genuine product......10*10 room k liye bhi bht acha hai. Color Family:White 0
653,131,Anonymous,N/A,very good ac . working fine . must buy. good quality. Color Family:Antique White 0
654,132,Anonymous,N/A,completely satisfied thanks daraz and dawlance 👍👍 Color Family:Antique White 0
655,132,Anonymous,N/A,each and every thing  out standing  price wise  and product  wise.  Color Family:Antique White 0
656,132,Anonymous,N/A,MashaAllah great Product everything is v good 👍😊 Color Family:Antique White 0
657,132,Anonymous,N/A,Cooling Power:very good   Energy Efficiency:💯 percent  Noise Level:very little   Color Family:Antique White 0
658,132,Anonymous,N/A,it is very good for a room 12×10 ft.. cooling is a little slow. but overall good  Color Family:Antique White 0
659,133,Anonymous,N/A,Awesome experience delivered before time all things are good Thanks daraz Color Family:White 0
660,133,Anonymous,N/A,"amazing product , shipping before time Color Family:White 0"
661,133,Anonymous,N/A,Works gr8 same as 1 ton. Recommended.  Color Family:White 0
662,133,Anonymous,N/A,supper you guys installed and enjoying 3 units ordered an delivere  me Color Family:White 0
663,133,Anonymous,N/A,Energy Efficiency：  Color Family:Antique White 0
664,134,Anonymous,N/A,Nice product and good looking but still not use so Color Family:Antique White 0
665,134,Anonymous,N/A,working fine.  Color Family:Antique White 0
666,134,Anonymous,N/A,Super Fast delivery. ordered on Sunday night amd was delivered on Tuesday.   Color Family:Antique White 0
667,134,Anonymous,N/A,Every thing is good but warranty card is not included missing warranty card  Color Family:Antique White 0
668,134,Anonymous,N/A,"excellent product, one of my best experience so far on daraz, delivery was on time, it is good for 150 sqft room, starts on 4 to 5 amps and gradually reduced to 1.5 to 2, cooling and airflow is perfect. Color Family:White 0"
669,135,Anonymous,N/A,"It is a good AC in that price range. Dawlance made a good initiative to include the 0.75-ton category. In the inverter AC category, this is the cheapest option available .  Color Family:Antique White 0"
670,135,Anonymous,N/A,Before time delivered nicly packed all accosories present rider was good and working now excellent thanks to seller and daraz Color Family:Antique White 0
671,135,Anonymous,N/A,Fully satisfied. although my room is 15*10 but its cooling is satisfying. its great for 10*10 room.  Color Family:White 0
672,135,Anonymous,N/A,"It's my 2nd purchase... The best purchase ever made from Daraz, it's an incredible summer gift from Dawlance. Taken almost 5,000 discount and it's cost me around 47K. Fastest Delivery without damage ... All my worries just one click away. Thanks to daraz for making things easier. Color Family:White 0"
673,135,Anonymous,N/A,"They deliver prior the delivery date and everything was intact and the AC is working 10/10, i highly recommend this current model as it is cheap and reliable product from the dawalance.  It will save our  money in the long run in terms of low electricity cost and reliability.  Recommended product Color Family:White 0"
674,136,Anonymous,N/A,Very much satisfied to buy from official Dawlance company (Daraz Mall) reached well packed on time without any issues via TCS and PK day Sale in a good price from market.  Always trust Daraz to buy electronics especially from Daraz Mall.  Color Family:White 0
675,136,Anonymous,N/A,pathetic service regarding to installation and they said that u buy from daraz not from us  from dawlance fitting services for instalation comes to me without Informing  Color Family:Antique White 0
676,136,Anonymous,N/A,"The best purchase ever made from Daraz, it's an incredible summer gift from Dawlance. Taken almost 5,000 discount and it's cost me around 47K. Fastest Delivery without damage ... All my worries just one click away. Thanks to daraz for making things easier. Color Family:White 0"
677,136,Anonymous,N/A,Good AC for the price. Brings my 12x10 room to 25 degree celsius in under an hour but my unit came with a yellowish tint on the front panel. This is why I’m giving a 3 star review Color Family:White 0
678,136,Anonymous,N/A,"3 defective unit hy 3 BAr company wlaay a gy Hain gas fill Kar k challay jatay Hain , 1 din bad dobara wohi hal hota hy return ki bohat try karta ho ,initiate return par held ho jati hy app ,return b initiate nhe hota, or jab chalta hy to amp fixed leta hy even after 5 hours koe bachat b nhe karta amp ki 17 par chalao to 7 amp, 24 par chalaya to 6.5amp 4hours main b amp down nhe hotay, intehai fazool experience ,already using Haier it's 100 times better Color Family:White 2"
679,137,Anonymous,N/A,"AMAZING SIMPLY AMAZING...DARAZ and Dawlance  in time delivery, and product with each and every accessory of the AC unit...please buy with free mind,,installed yesterday at my shop ...great experience.. Really Happy 😊 Color Family:White 0"
680,137,Anonymous,N/A,we received the item but the person named Awais from contact # 03102452277 from the delivery section of TCS have very poor service.  no one picking the phone nor sending the installation team for installation of AC. still waiting for him.  Color Family:White 1
681,137,Anonymous,N/A,"arrive before time and now working perfectly, this is a very good product, thanks dawlance and daraz Color Family:White 0"
682,137,Anonymous,N/A,"it is very good product  thanks to dawlance  furthermore, hope service team also give the same quality and commitment  Color Family:White 0"
683,137,Anonymous,N/A,PERFECT  and exceptionally early delivery. As the Slogan says   DAWLANCE LIYA TO BAAT BANNI 😊 Keep it up.  Color Family:White 0
684,138,Anonymous,N/A,lt is really fantastic original Dawlance product and all of us know very well Dawlance is recommended for it's materials quality and durability specially after sale services  Color Family:White 1
685,138,Anonymous,N/A,Ma Sha Allah. Thanks to dawlance bhut acha unit ha. Packing bhut ache ha. 3 to 4 days ma delivery mil gae. Performance bhi ache ha. Color Family:White 0
686,138,Anonymous,N/A,Excellent product for room size 10 x 10 and excellent service by Dawlance   Color Family:Antique White 0
687,138,Anonymous,N/A,Yes- The product is not only very economical but also very outstanding.  Packing = Sixty Availability of  Accessories =Hundred Design = Ninty Marks [Remove over sized Stickers-Wavey effect is simply awesome]  Efficiency look great but with time actual picture will come.  Increase the Length of Cooling Pipe from 10ft to 12ft . Please  Overall - The product is very satisfactory for single room.   Color Family:White 0
688,138,Anonymous,N/A,ac is best good cooling happy to seller Color Family:Antique White 0
689,139,Anonymous,N/A,excellent product.. worth it  Color Family:Antique White 0
690,139,Anonymous,N/A,Cooling Power:ok.  Energy Efficiency:ok  all ok just delivered late only.  Color Family:Antique White 0
691,139,Anonymous,N/A,AC is awesome good cooling and very low bill +++ Color Family:Antique White 0
692,139,Anonymous,N/A,Very good inverter Is and good quality Is and order from your time arrived earlier thank you daraz Color Family:Antique White 0
693,139,Anonymous,N/A,Noise Level:  In all aspects best performance. Thanks to seller & Daraz.  Color Family:Antique White 0
694,140,Anonymous,N/A,Excellent ac 100% satisfied thanx to daraz n thanks to dawlance company   Color Family:Antique White 0
695,140,Anonymous,N/A,"Its working great, value for money. Was well packed with all the accessories. highly recommended. Color Family:White 0"
696,140,Anonymous,N/A,Cooling Power:excellent   Energy Efficiency:excellent   Noise Level:low  Color Family:Antique White 0
697,140,Anonymous,N/A,perfect  Cooling Power:A+  Energy Efficiency:A+  Noise Level:Almost nil  Color Family:Antique White 0
698,140,Anonymous,N/A,"Excellent cooling, beyond my expectations. Highly recommend  Color Family:Antique White 0"
699,141,Anonymous,N/A,nice product.reasonable price Color Family:White 0
700,141,Anonymous,N/A,Recommended Nice AC good delivery  Color Family:Antique White 0
701,141,Anonymous,N/A,Really nice product thanx for daraz and dawlance ac throw and cooling is perfect for room size Color Family:White 0
702,141,Anonymous,N/A,"Please don't spend money on this product. this product has serious issues:  1) Turning off the inner unit when remote is on auto mode  2) It never turns low on electricity consumption and keeps running even after maintaining the room temperature, results in huge bills  3) The electricity consumption is more than rated current and watts mentioned on its specifications even on 26 C and 30 C forget what will it takes to run it on 17 C. Also, GREE 1 ton and Hyundai Flair 1 ton inverter ACs have low consumptions then this 0.75 ton   dawlance technicians visited but never addressed the issues, the first technician reduced the gas the second say you have furniture in your room etc. thats why its not cooling but the issues remain there. he said I will discuss and come back to you but even 3-4 days no contact from him.  Tried to return within the time limits but refused, now I have to sell it with great loss :( Color Family:White 9"
703,141,Anonymous,N/A,Cooling Power:very good   Energy Efficiency:good   Noise Level:good   Color Family:Antique White 0
704,142,Anonymous,N/A,Cooling Power:good   Energy Efficiency:v good  good for 10*10 room   Color Family:Antique White 0
705,142,Anonymous,N/A,i installed ac today iam checking but cooling is not good. very low  Color Family:Antique White 0
706,142,Anonymous,N/A,Cooling Power:good  Noise Level:very low  Energy Efficiency:no idea  Color Family:Antique White 0
707,142,Anonymous,N/A,Cooling Power:good  Energy Efficiency:not check   Noise Level:okay   Color Family:Antique White 0
708,142,Anonymous,N/A,This is NOT DC inverter AC. It takes 2 Ampere current all the time. Does NOT work on inverter principle.  Color Family:Antique White 2
709,143,Anonymous,N/A,time se phely mil gaya  Color Family:White 0
710,143,Anonymous,N/A,Review after using 6 months . Best for my room 8*16 best cooling   Color Family:Antique White 0
711,143,Anonymous,N/A,thanks u draz and dawlance  Color Family:Antique White 0
712,143,Anonymous,N/A,exelent service good product Color Family:Antique White 0
713,143,Anonymous,N/A,Excellent Quality Product  Color Family:Antique White 0
714,144,Anonymous,N/A,Bht kamal ka hai itnai paison mai bht kamal hai yai Ac Color Family:White 0
715,144,Anonymous,N/A,Best cooling I must say chota packet bara dhamaka 👍👍 Color Family:White 0
716,144,Anonymous,N/A,Cooling Power:good  Energy Efficiency:good  Noise Level:minimum   Color Family:Antique White 0
717,144,Anonymous,N/A,Energy Efficiency: inverter technology   Noise Level:is very low  Color Family:Antique White 0
718,144,Anonymous,N/A,rate bit lower then market BT price higher then product quality   Color Family:Antique White 1
719,145,Anonymous,N/A,"Received Today, Quick Delivery, superb packing, highly recommend  Color Family:Antique White 0"
720,145,Anonymous,N/A,Best quality and product have received  Color Family:Antique White 0
721,145,Anonymous,N/A,Cooling Power:good   Energy Efficiency:good   Noise Level:good   Color Family:Antique White 0
722,145,Anonymous,N/A,Best quality and cooling with this affordable price. Color Family:Antique White 0
723,145,Anonymous,N/A,Cooling Power:good  Energy Efficiency:friendly  Noise Level:0   Color Family:Antique White 0
724,146,Anonymous,N/A,Cooling Power:10/10  Energy Efficiency:10/10  Noise Level:10/9  Color Family:Antique White 0
725,146,Anonymous,N/A,recieved in good condition in winters  Alhmdulillah working will be observed in summer  Color Family:Antique White 0
726,146,Anonymous,N/A,Just as asked but it's for a small room. Not for an average 10 by 10 or 10 by 12 room.  Color Family:Antique White 0
727,146,Anonymous,N/A,Energy Efficiency:Nice  Cooling Power:Nice  Noise Level:Nice  Color Family:Antique White 1
728,146,Anonymous,N/A,Energy Efficiency:good  Cooling Power:good  Noise Level:good  Color Family:Antique White 0
729,147,Anonymous,N/A,Cooling Power:good  Energy Efficiency:good  Noise Level:good  Color Family:Antique White 0
730,147,Anonymous,N/A,jesa bola wesa beja zabrdast AC maza agya  Color Family:Antique White 0
731,147,Anonymous,N/A,Nice and cool product. Everything is as per ad. Color Family:White 0
732,147,Anonymous,N/A,best ac for small and medium size room. electricity bohat kam leta.  mera 3rd order ha. free installation b kr detay ha  helpline no. pr call kr k. Color Family:Antique White 0
733,147,Anonymous,N/A,Energy Efficiency:Not good   Cooling Power:Good  Noise Level:Low  Color Family:Antique White 0
734,148,Anonymous,N/A,Very nice  Bohat achi price mn mila ha or cooling b sai ha   Color Family:Antique White 0
735,148,Anonymous,N/A,amazing  Color Family:Antique White 0
736,148,Anonymous,N/A,working fine delivery is one time overall good experience   Color Family:Antique White 0
737,148,Anonymous,N/A,5days bi nhi hoe buy kia hoe ayk dafa he use kia oske baad kharab hogaya ... intehae 3rd class quality hai dawlance ki ... ye mere saht 2nd experience hai dawlance ka ... service center walo ko complain kari aaj wo log ac nikal kar lekar gae hai or 10days ka time or dedia hai ke wait kare ... sirf waste of money ke elawa kuch nhi mila ... Color Family:White 10
738,148,Anonymous,N/A,I thought it will be hot&Cool inverter. but it has only cooling Option .  Color Family:Antique White 0
739,149,Anonymous,N/A,Cooling Power:100%  Energy Efficiency:75% energy saving    Color Family:Antique White 0
740,149,Anonymous,N/A,Brand-new good packing and on time delivery. Color Family:White 0
741,149,Anonymous,N/A,Excellent Product & Excellent Performance room size 12 into 18 on 2nd Floor.  Color Family:White 0
742,149,Anonymous,N/A,bht hi zada acha aya hai nice thank you daraz  Color Family:Antique White 0
743,149,Anonymous,N/A,recieved well packed. working fine till now Color Family:White 1
744,150,Anonymous,N/A,it reached after 13 days and now the pipes are missing.   Color Family:Antique White 0
745,150,Anonymous,N/A,Perfect. Color Family:Antique White 0
746,150,Anonymous,N/A,Very Good condition. Cooling is Very Nice  Color Family:White 0
747,150,Anonymous,N/A,delivered on time Dawlance always the best brand its too good  Color Family:Antique White 0
748,150,Anonymous,N/A,Invoice not received  Color Family:Antique White 0
749,151,Anonymous,N/A,Cooling Power:Excellent   Energy Efficiency:excellent    Color Family:Antique White 0
750,151,Anonymous,N/A,nice product I am very satisfied😊 recommend for office  Color Family:قدیم سفید 0
751,151,Anonymous,N/A,Cooling Power:ok  Noise Level:ok  Energy Efficiency:ok  Color Family:Antique White 0
752,151,Anonymous,N/A,Cooling Power:ok  Energy Efficiency:ok  Noise Level:kk  Color Family:Antique White 0
753,151,Anonymous,N/A,Best product best packaging and installation bhi free   Color Family:Antique White 0
754,152,Anonymous,N/A,Cooling Power:ok  Energy Efficiency:ok  Noise Level:ok  Color Family:Antique White 0
755,152,Anonymous,N/A,thankx daraz & dawlance flagship store  Color Family:Antique White 0
756,152,Anonymous,N/A,Cooling Power:9  Energy Efficiency:10  Noise Level:10  Color Family:Antique White 0
757,152,Anonymous,N/A,packaging is good 2 taaps b hain baqi installation k baad paata chale ga Color Family:White 0
758,152,Anonymous,N/A,Vip Model hai bht acha hai cooling bhi Zabardast hai   Color Family:Antique White 0
759,153,Anonymous,N/A,Cooling Power:10  Energy Efficiency:10  Noise Level:9  Color Family:Antique White 0
760,153,Anonymous,N/A,nice packing thankx dawlance & daraz  Color Family:Antique White 0
761,153,Anonymous,N/A,Received to ho gaya hai but abhi tak open nhi kiya   Color Family:Antique White 0
762,153,Anonymous,N/A,very very nice product and usful item recommended.   Color Family:Antique White 0
763,153,Anonymous,N/A,Cooling Power:4  Energy Efficiency:5  Noise Level:4  Color Family:Antique White 0
764,154,Anonymous,N/A,Good for small room  I have installed it in 10x8 feet and thats great Color Family:White 0
765,154,Anonymous,N/A,Very pathetic quality and had really terrible experience.I purchased this ac on 22nd april and installed by dawlance technician on 26th.On 18 may it stopped working with error p4 got it repaired under warrenty then again it showed error same code .They said compressor is faulty and currently unavailable.After 10 days they replaced compressor and it worked for 15 minutes. Again repaired still not working.Dawlance is a fraudulant brand . Beware dont buy any dawlance product they are looting peopl Color Family:Antique White 1
766,154,Anonymous,N/A,"This is not an inverter AC, it is simple split AC. It  constantly consumed 1000 to 1100 watts. It consumed 1 unit of electricity in 1 hour even at night time. Cooling is also very poor. I am not happy with my purchase. Color Family:Antique White 1"
767,154,Anonymous,N/A,ماشاءاللہ very good even chilling on my top room.  Color Family:Antique White 0
768,154,Anonymous,N/A,good product in this price  good working economic  Color Family:Antique White 0
769,155,Anonymous,N/A,Working fine. But its filter requires frequent cleaning.   Color Family:Antique White 0
770,155,Anonymous,N/A,Ac start from 6.6 amp and never down from 4.4 what inverter is it. Color Family:White 0
771,155,Anonymous,N/A,Air conditioner is so good  👍  fully recommend   Color Family:Antique White 0
772,155,Anonymous,N/A,thanks draz and seller for before time delivery   Color Family:Antique White 0
773,155,Anonymous,N/A,excellent service 👌👍 fully satisfied thanks daraz and dawlance Color Family:White 0
774,156,Anonymous,N/A,Good 👍  Color Family:Antique White 0
775,156,Anonymous,N/A,The quality is good and aperernce is beautiful  Color Family:قدیم سفید 0
776,156,Anonymous,N/A,"writing this review after a month , Ac inner se bhe pani araha h or outer se bhe or inner me awaz bhe arai hai or just month and a half he hua hai inverter bhe nai chal raha  Color Family:Antique White 0"
777,156,Anonymous,N/A,100 percent satisfied n 100 percent recommend   Color Family:Antique White 0
778,156,Anonymous,N/A,Great product and great service from dawlance  Color Family:Antique White 0
779,157,Anonymous,N/A,product original hai . pr abi install ni kia  Color Family:Antique White 0
780,157,Anonymous,N/A,highly recommended....the product is really good and original...the service was really nice... Color Family:Antique White 0
781,157,Anonymous,N/A,Excellent Product  Color Family:Antique White 0
782,157,Anonymous,N/A,Satisfied  Color Family:Antique White 0
783,157,Anonymous,N/A,❤️👍❤️👍❤️👍❤️👍🌺🌺🌺💯 Color Family:Antique White 0
784,158,Anonymous,N/A,100 percent satisfied n 100 % recommend   Color Family:Antique White 0
785,158,Anonymous,N/A,dawlance Lia to baat bani  Color Family:Antique White 0
786,158,Anonymous,N/A,filter miss hai jisy jaliyan khety hai   Color Family:Antique White 0
787,158,Anonymous,N/A,Excellent product! dawlance reliable ha  Color Family:Antique White 0
788,158,Anonymous,N/A,Timely delivered and excellent product  Color Family:Antique White 0
789,159,Anonymous,N/A,"very nice product, works as advertised  Color Family:Antique White 0"
790,159,Anonymous,N/A,Cooling Power:best cooling power split  Color Family:Antique White 0
791,159,Anonymous,N/A,"very good product, nicely packed and urgent delivery Color Family:White 0"
792,159,Anonymous,N/A,Very good quality good for small room  Color Family:Antique White 0
793,159,Anonymous,N/A,received on time havent installed yet  Color Family:Antique White 0
794,160,Anonymous,N/A,Energy Efficiency:5  Cooling Power:5   Color Family:Antique White 0
795,160,Anonymous,N/A,satisfied best cooling  Color Family:Antique White 0
796,160,Anonymous,N/A,excellent product  highly recommend   Color Family:Antique White 0
797,160,Anonymous,N/A,it is very good  and budget friendly  Color Family:Antique White 0
798,160,Anonymous,N/A,quality is good. delivered on time.   Color Family:Antique White 0
                                                                                                                                                                                                                                                                                                                                                                                                                                                                                                                                                                                                                                                                                                                                                                                                                                                                                                          